,task_name,run_name,rmt,eval_token_accuracy,eval_token_accuracy,eval_token_accuracy,eval_exact_match,eval_exact_match,eval_exact_match,run_path,lr,mem_size,modification
,,,first,mean,std,list,mean,std,list,first,,,
160,N8-K2V2-V62_1M-stripped,original_rmt_llama_L4H2D128_mem8_lr1e-04_bs_64_lr_1e-04,True,0.5076499999999999,0.47425651814181746,"[0.1723, 0.843]",0.3746,0.4864894654563447,"[0.0306, 0.7186]",/workspace-SR006.nfs2/bulatov/rmt/runs/test-time/N8-K2V2-V62_1M-stripped/original_rmt_llama_L4H2D128_mem8_lr1e-04_bs_64_lr_1e-04/run_1,1e-04,8,-
161,N8-K2V2-V62_1M-stripped,original_rmt_llama_L4H4D128_mem8_lr1e-04_bs_64_lr_1e-04,True,0.56515,0.21503117215882908,"[0.7172, 0.4131]",0.3098,0.30716718574743623,"[0.527, 0.0926]",/workspace-SR006.nfs2/bulatov/rmt/runs/test-time/N8-K2V2-V62_1M-stripped/original_rmt_llama_L4H4D128_mem8_lr1e-04_bs_64_lr_1e-04/run_1,1e-04,8,-
148,N8-K2V2-V62_1M,original_rmt_llama_L4H4D128_mem8_lr3e-04-reconstruct_0.5_bs_64_lr_3e-04,True,0.99991803982252,0.00010267517721373201,"[0.9998454375084527, 0.9999906421365874]",0.9972359386150511,0.0033319785803343827,"[0.9948798739661284, 0.9995920032639739]",/workspace-SR006.nfs2/bulatov/rmt/runs/test-time/N8-K2V2-V62_1M/original_rmt_llama_L4H4D128_mem8_lr3e-04-reconstruct_0.5_bs_64_lr_3e-04/run_1,3e-04,8,reconstruct
136,N8-K2V2-V62_1M,original_rmt_llama_L4H4D128_mem8_lr1e-04-continue_8-16_0.5_bs_64_lr_1e-04,True,0.999460214440135,0.0003697805751968045,"[0.9997216887924076, 0.9991987400878622]",0.9955934939121059,0.003423532645227219,"[0.9980142970611596, 0.9931726907630523]",/workspace-SR006.nfs2/bulatov/rmt/runs/test-time/N8-K2V2-V62_1M/original_rmt_llama_L4H4D128_mem8_lr1e-04-continue_8-16_0.5_bs_64_lr_1e-04/run_1,1e-04,8,continue
141,N8-K2V2-V62_1M,original_rmt_llama_L4H4D128_mem8_lr1e-04-reconstruct_bs_64_lr_1e-04,True,0.9990669890389708,0.000548315382223156,"[0.998679271513972, 0.9994547065639697]",0.9954464336277229,0.002975821046490663,"[0.9933422103861518, 0.9975506568692941]",/workspace-SR006.nfs2/bulatov/rmt/runs/test-time/N8-K2V2-V62_1M/original_rmt_llama_L4H4D128_mem8_lr1e-04-reconstruct_bs_64_lr_1e-04/run_1,1e-04,8,reconstruct
151,N8-K2V2-V62_1M,original_rmt_llama_L4H4D128_mem8_lr5e-05-continue_2-16_0.5_bs_64_lr_5e-05,True,0.9875954385711923,0.001531245959291051,"[0.9886781929726715, 0.986512684169713]",0.9933891244086752,0.005417698682679728,"[0.9972200158856235, 0.989558232931727]",/workspace-SR006.nfs2/bulatov/rmt/runs/test-time/N8-K2V2-V62_1M/original_rmt_llama_L4H4D128_mem8_lr5e-05-continue_2-16_0.5_bs_64_lr_5e-05/run_1,5e-05,8,continue
140,N8-K2V2-V62_1M,original_rmt_llama_L4H4D128_mem8_lr1e-04-reconstruct_0.5_bs_64_lr_1e-04,True,0.9997655999762207,0.0002905071229403678,"[0.9999710195328348, 0.9995601804196066]",0.9902292896662734,0.012146882219168703,"[0.9988184324537219, 0.981640146878825]",/workspace-SR006.nfs2/bulatov/rmt/runs/test-time/N8-K2V2-V62_1M/original_rmt_llama_L4H4D128_mem8_lr1e-04-reconstruct_0.5_bs_64_lr_1e-04/run_1,1e-04,8,reconstruct
150,N8-K2V2-V62_1M,original_rmt_llama_L4H4D128_mem8_lr3e-04_from_N4_bs_64_lr_3e-04,True,0.9931,0.00042426406871188177,"[0.9934, 0.9928]",0.9862,0.0008485281374238028,"[0.9868, 0.9856]",/workspace-SR006.nfs2/bulatov/rmt/runs/test-time/N8-K2V2-V62_1M/original_rmt_llama_L4H4D128_mem8_lr3e-04_from_N4_bs_64_lr_3e-04/run_1,3e-04,8,-
130,N8-K2V2-V62_1M,original_rmt_llama_L4H4D128_mem8_lr1e-04-continue_2-16_0.5_bs_64_lr_1e-04,True,0.9873103515876118,0.0014177316624000842,"[0.9863078639152258, 0.9883128392599978]",0.9846832923433209,0.014845608651398234,"[0.9741858617950755, 0.9951807228915662]",/workspace-SR006.nfs2/bulatov/rmt/runs/test-time/N8-K2V2-V62_1M/original_rmt_llama_L4H4D128_mem8_lr1e-04-continue_2-16_0.5_bs_64_lr_1e-04/run_1,1e-04,8,continue
144,N8-K2V2-V62_1M,original_rmt_llama_L4H4D128_mem8_lr1e-04_from_N4_bs_64_lr_1e-04,True,0.9918,0.00042426406871188177,"[0.9921, 0.9915]",0.9837,0.0007071067811865874,"[0.9842, 0.9832]",/workspace-SR006.nfs2/bulatov/rmt/runs/test-time/N8-K2V2-V62_1M/original_rmt_llama_L4H4D128_mem8_lr1e-04_from_N4_bs_64_lr_1e-04/run_1,1e-04,8,-
135,N8-K2V2-V62_1M,original_rmt_llama_L4H4D128_mem8_lr1e-04-continue_4-8_0.5_bs_64_lr_1e-04,True,0.9866105751440533,0.0015867802345160052,"[0.9854885520799742, 0.9877325982081323]",0.9736703765020367,0.007133976182846849,"[0.9686258935663224, 0.978714859437751]",/workspace-SR006.nfs2/bulatov/rmt/runs/test-time/N8-K2V2-V62_1M/original_rmt_llama_L4H4D128_mem8_lr1e-04-continue_4-8_0.5_bs_64_lr_1e-04/run_1,1e-04,8,continue
133,N8-K2V2-V62_1M,original_rmt_llama_L4H4D128_mem8_lr1e-04-continue_4-16_0.5_bs_64_lr_1e-04,True,0.9967877098211756,0.0037583668820357083,"[0.9941301431127012, 0.99944527652965]",0.9705848014775544,0.03478388564275835,"[0.9459888800635425, 0.9951807228915662]",/workspace-SR006.nfs2/bulatov/rmt/runs/test-time/N8-K2V2-V62_1M/original_rmt_llama_L4H4D128_mem8_lr1e-04-continue_4-16_0.5_bs_64_lr_1e-04/run_1,1e-04,8,continue
147,N8-K2V2-V62_1M,original_rmt_llama_L4H4D128_mem8_lr3e-04-continue_2-16_0.5_bs_64_lr_3e-04,True,0.9740171287587323,0.02317897459159064,"[0.9904071388733966, 0.9576271186440678]",0.9490093814495472,0.06874177467550094,"[0.9976171564733916, 0.9004016064257028]",/workspace-SR006.nfs2/bulatov/rmt/runs/test-time/N8-K2V2-V62_1M/original_rmt_llama_L4H4D128_mem8_lr3e-04-continue_2-16_0.5_bs_64_lr_3e-04/run_1,3e-04,8,continue
142,N8-K2V2-V62_1M,original_rmt_llama_L4H4D128_mem8_lr1e-04_bs_256_lr_1e-04,True,0.96655,0.022698127676088187,"[0.9826, 0.9505]",0.9347,0.04398204178980328,"[0.9658, 0.9036]",/workspace-SR006.nfs2/bulatov/rmt/runs/test-time/N8-K2V2-V62_1M/original_rmt_llama_L4H4D128_mem8_lr1e-04_bs_256_lr_1e-04/run_1,1e-04,8,-
132,N8-K2V2-V62_1M,original_rmt_llama_L4H4D128_mem8_lr1e-04-continue_2-8_0.5_bs_64_lr_1e-04,True,0.9368946463304851,0.017165300360706504,"[0.9247569460443257, 0.9490323466166446]",0.9011340038470004,0.04440081395096178,"[0.8697378872120731, 0.9325301204819277]",/workspace-SR006.nfs2/bulatov/rmt/runs/test-time/N8-K2V2-V62_1M/original_rmt_llama_L4H4D128_mem8_lr1e-04-continue_2-8_0.5_bs_64_lr_1e-04/run_1,1e-04,8,continue
143,N8-K2V2-V62_1M,original_rmt_llama_L4H4D128_mem8_lr1e-04_bs_64_lr_1e-04,True,0.88385,0.05847773080412748,"[0.8425, 0.9252]",0.7875000000000001,0.09461088732276003,"[0.7206, 0.8544]",/workspace-SR006.nfs2/bulatov/rmt/runs/test-time/N8-K2V2-V62_1M/original_rmt_llama_L4H4D128_mem8_lr1e-04_bs_64_lr_1e-04/run_1,1e-04,8,-
111,N8-K2V2-V62_1M,original_rmt-vl_llama_L4H4D128-out_layer_-2_mem8_lr1e-04_bs_64_lr_1e-04,True,0.8674999999999999,0.05883128419472083,"[0.8259, 0.9091]",0.766,0.09927779207859133,"[0.6958, 0.8362]",/workspace-SR006.nfs2/bulatov/rmt/runs/test-time/N8-K2V2-V62_1M/original_rmt-vl_llama_L4H4D128-out_layer_-2_mem8_lr1e-04_bs_64_lr_1e-04/run_1,1e-04,8,-
155,N8-K2V2-V62_1M,original_rmt_llama_L4H4D256_mem8_lr1e-04_bs_64_lr_1e-04,True,0.8509,0.040729350596345165,"[0.8221, 0.8797]",0.7379,0.05925554826343275,"[0.696, 0.7798]",/workspace-SR006.nfs2/bulatov/rmt/runs/test-time/N8-K2V2-V62_1M/original_rmt_llama_L4H4D256_mem8_lr1e-04_bs_64_lr_1e-04/run_1,1e-04,8,-
114,N8-K2V2-V62_1M,original_rmt-vl_llama_L4H4D128-out_layer_-3_mem8_lr1e-04_bs_64_lr_1e-04,True,0.82535,0.03641599923110715,"[0.7996, 0.8511]",0.7002,0.05713422791987303,"[0.6598, 0.7406]",/workspace-SR006.nfs2/bulatov/rmt/runs/test-time/N8-K2V2-V62_1M/original_rmt-vl_llama_L4H4D128-out_layer_-3_mem8_lr1e-04_bs_64_lr_1e-04/run_1,1e-04,8,-
129,N8-K2V2-V62_1M,original_rmt_llama_L4H4D128_mem8_bs_64_lr_1e-04 copy,True,0.80435,0.034577521600022136,"[0.7799, 0.8288]",0.6614,0.03592102448427659,"[0.636, 0.6868]",/workspace-SR006.nfs2/bulatov/rmt/runs/test-time/N8-K2V2-V62_1M/original_rmt_llama_L4H4D128_mem8_bs_64_lr_1e-04 copy/run_1,1e-04,8,-
108,N8-K2V2-V62_1M,original_rmt-vl_llama_L4H4D128-out_layer_-1_mem8_lr1e-04_bs_64_lr_1e-04,True,0.79985,0.049568185361176895,"[0.8349, 0.7648]",0.6547000000000001,0.07141778489984141,"[0.7052, 0.6042]",/workspace-SR006.nfs2/bulatov/rmt/runs/test-time/N8-K2V2-V62_1M/original_rmt-vl_llama_L4H4D128-out_layer_-1_mem8_lr1e-04_bs_64_lr_1e-04/run_1,1e-04,8,-
152,N8-K2V2-V62_1M,original_rmt_llama_L4H4D128_mem8_lr5e-05-reconstruct_0.5_bs_64_lr_5e-05,True,0.9914452040395687,0.008983481172704911,"[0.99779748449545, 0.9850929235836874]",0.641575108438912,0.3943760935848368,"[0.9204411185506105, 0.3627090983272134]",/workspace-SR006.nfs2/bulatov/rmt/runs/test-time/N8-K2V2-V62_1M/original_rmt_llama_L4H4D128_mem8_lr5e-05-reconstruct_0.5_bs_64_lr_5e-05/run_1,5e-05,8,reconstruct
138,N8-K2V2-V62_1M,original_rmt_llama_L4H4D128_mem8_lr1e-04-continue_8-8_0.5_bs_64_lr_1e-04,True,0.9371840254696201,0.06863029600787435,"[0.9857129731716281, 0.8886550777676121]",0.5306517571477332,0.5806356929198737,"[0.9412231930103256, 0.12008032128514057]",/workspace-SR006.nfs2/bulatov/rmt/runs/test-time/N8-K2V2-V62_1M/original_rmt_llama_L4H4D128_mem8_lr1e-04-continue_8-8_0.5_bs_64_lr_1e-04/run_1,1e-04,8,continue
123,N8-K2V2-V62_1M,original_rmt_llama_L4H2D128_mem8_lr1e-04_bs_256_lr_1e-04,True,0.6051500000000001,0.5380375498048441,"[0.9856, 0.2247]",0.5075999999999999,0.6556294075161668,"[0.9712, 0.044]",/workspace-SR006.nfs2/bulatov/rmt/runs/test-time/N8-K2V2-V62_1M/original_rmt_llama_L4H2D128_mem8_lr1e-04_bs_256_lr_1e-04/run_1,1e-04,8,-
125,N8-K2V2-V62_1M,original_rmt_llama_L4H4D128_mem16_lr1e-04_bs_64_lr_1e-04,True,0.5706,0.5669582171553739,"[0.9715, 0.1697]",0.4872,0.6465784407169791,"[0.9444, 0.03]",/workspace-SR006.nfs2/bulatov/rmt/runs/test-time/N8-K2V2-V62_1M/original_rmt_llama_L4H4D128_mem16_lr1e-04_bs_64_lr_1e-04/run_1,1e-04,16,-
158,N8-K2V2-V62_1M,original_rmt_llama_L4H8D128_mem8_lr1e-04_bs_64_lr_1e-04,True,0.61925,0.22818335828889888,"[0.4579, 0.7806]",0.45280000000000004,0.24861874426519012,"[0.277, 0.6286]",/workspace-SR006.nfs2/bulatov/rmt/runs/test-time/N8-K2V2-V62_1M/original_rmt_llama_L4H8D128_mem8_lr1e-04_bs_64_lr_1e-04/run_1,1e-04,8,-
154,N8-K2V2-V62_1M,original_rmt_llama_L4H4D128_mem8_lr9e-05_bs_64_lr_9e-05,True,0.53915,0.5212084084126041,"[0.1706, 0.9077]",0.4283,0.5613013629058814,"[0.0314, 0.8252]",/workspace-SR006.nfs2/bulatov/rmt/runs/test-time/N8-K2V2-V62_1M/original_rmt_llama_L4H4D128_mem8_lr9e-05_bs_64_lr_9e-05/run_1,9e-05,8,-
124,N8-K2V2-V62_1M,original_rmt_llama_L4H2D128_mem8_lr1e-04_bs_64_lr_1e-04,True,0.52595,0.508339064995009,"[0.8854, 0.1665]",0.41340000000000005,0.5453207496510655,"[0.799, 0.0278]",/workspace-SR006.nfs2/bulatov/rmt/runs/test-time/N8-K2V2-V62_1M/original_rmt_llama_L4H2D128_mem8_lr1e-04_bs_64_lr_1e-04/run_1,1e-04,8,-
127,N8-K2V2-V62_1M,original_rmt_llama_L4H4D128_mem2_lr1e-04_bs_64_lr_1e-04,True,0.5640000000000001,0.04270924958366744,"[0.5942, 0.5338]",0.3423,0.04426488450227787,"[0.3736, 0.311]",/workspace-SR006.nfs2/bulatov/rmt/runs/test-time/N8-K2V2-V62_1M/original_rmt_llama_L4H4D128_mem2_lr1e-04_bs_64_lr_1e-04/run_1,1e-04,2,-
131,N8-K2V2-V62_1M,original_rmt_llama_L4H4D128_mem8_lr1e-04-continue_2-2_0.5_bs_64_lr_1e-04,True,0.586810251306033,0.22063591243597275,"[0.43079710144927535, 0.7428234011627907]",0.32665531067877546,0.39849486917400295,"[0.044876886417791896, 0.608433734939759]",/workspace-SR006.nfs2/bulatov/rmt/runs/test-time/N8-K2V2-V62_1M/original_rmt_llama_L4H4D128_mem8_lr1e-04-continue_2-2_0.5_bs_64_lr_1e-04/run_1,1e-04,8,continue
134,N8-K2V2-V62_1M,original_rmt_llama_L4H4D128_mem8_lr1e-04-continue_4-2_0.5_bs_64_lr_1e-04,True,0.5727580773478298,0.23791061487306042,"[0.7409862864408319, 0.4045298682548277]",0.2892523230331971,0.374987122943565,"[0.5544082605242255, 0.024096385542168676]",/workspace-SR006.nfs2/bulatov/rmt/runs/test-time/N8-K2V2-V62_1M/original_rmt_llama_L4H4D128_mem8_lr1e-04-continue_4-2_0.5_bs_64_lr_1e-04/run_1,1e-04,8,continue
115,N8-K2V2-V62_1M,original_rmt-vl_llama_L4H4D128-out_layer_-3_mem8_lr3e-04_bs_64_lr_3e-04,True,0.44239999999999996,0.39131289270863534,"[0.7191, 0.1657]",0.2751,0.3466237441376456,"[0.5202, 0.03]",/workspace-SR006.nfs2/bulatov/rmt/runs/test-time/N8-K2V2-V62_1M/original_rmt-vl_llama_L4H4D128-out_layer_-3_mem8_lr3e-04_bs_64_lr_3e-04/run_1,3e-04,8,-
128,N8-K2V2-V62_1M,original_rmt_llama_L4H4D128_mem4_lr1e-04_bs_64_lr_1e-04,True,0.44730000000000003,0.38961583643378767,"[0.1718, 0.7228]",0.2744,0.34676516549388287,"[0.0292, 0.5196]",/workspace-SR006.nfs2/bulatov/rmt/runs/test-time/N8-K2V2-V62_1M/original_rmt_llama_L4H4D128_mem4_lr1e-04_bs_64_lr_1e-04/run_1,1e-04,4,-
122,N8-K2V2-V62_1M,original_rmt_llama_L4H1D128_mem8_lr1e-04_bs_64_lr_1e-04,True,0.36585,0.27442814177849906,"[0.5599, 0.1718]",0.18380000000000002,0.21750604589298203,"[0.3376, 0.03]",/workspace-SR006.nfs2/bulatov/rmt/runs/test-time/N8-K2V2-V62_1M/original_rmt_llama_L4H1D128_mem8_lr1e-04_bs_64_lr_1e-04/run_1,1e-04,8,-
139,N8-K2V2-V62_1M,original_rmt_llama_L4H4D128_mem8_lr1e-04-continue_bs_64_lr_1e-04,True,0.5352344735241679,0.011066650449924189,"[0.5430597771023303, 0.5274091699460053]",0.17994931677997644,0.0884963107033527,"[0.11737297537164411, 0.2425256581883088]",/workspace-SR006.nfs2/bulatov/rmt/runs/test-time/N8-K2V2-V62_1M/original_rmt_llama_L4H4D128_mem8_lr1e-04-continue_bs_64_lr_1e-04/run_1,1e-04,8,continue
118,N8-K2V2-V62_1M,original_rmt-vl_llama_L4H4D128-out_layer_-4_mem8_lr3e-04_bs_64_lr_3e-04,True,0.5283,0.041436457377531676,"[0.499, 0.5576]",0.177,0.054588643507601474,"[0.2156, 0.1384]",/workspace-SR006.nfs2/bulatov/rmt/runs/test-time/N8-K2V2-V62_1M/original_rmt-vl_llama_L4H4D128-out_layer_-4_mem8_lr3e-04_bs_64_lr_3e-04/run_1,3e-04,8,-
110,N8-K2V2-V62_1M,original_rmt-vl_llama_L4H4D128-out_layer_-1_mem8_lr5e-05_bs_64_lr_5e-05,True,0.35615,0.25703331496131004,"[0.5379, 0.1744]",0.16169999999999998,0.18002938649009498,"[0.289, 0.0344]",/workspace-SR006.nfs2/bulatov/rmt/runs/test-time/N8-K2V2-V62_1M/original_rmt-vl_llama_L4H4D128-out_layer_-1_mem8_lr5e-05_bs_64_lr_5e-05/run_1,5e-05,8,-
159,N8-K2V2-V62_1M,original_rmt_llama_L8H4D128_mem8_lr1e-04_bs_64_lr_1e-04,True,0.5415000000000001,0.006646803743153482,"[0.5368, 0.5462]",0.1271,0.002969848480983516,"[0.125, 0.1292]",/workspace-SR006.nfs2/bulatov/rmt/runs/test-time/N8-K2V2-V62_1M/original_rmt_llama_L8H4D128_mem8_lr1e-04_bs_64_lr_1e-04/run_1,1e-04,8,-
120,N8-K2V2-V62_1M,original_rmt_llama_L12H4D128_mem8_lr1e-04_bs_64_lr_1e-04,True,0.49324999999999997,0.05366940469205899,"[0.4553, 0.5312]",0.1163,0.016263455967290587,"[0.1048, 0.1278]",/workspace-SR006.nfs2/bulatov/rmt/runs/test-time/N8-K2V2-V62_1M/original_rmt_llama_L12H4D128_mem8_lr1e-04_bs_64_lr_1e-04/run_1,1e-04,8,-
156,N8-K2V2-V62_1M,original_rmt_llama_L4H4D512_mem8_lr1e-04_bs_64_lr_1e-04,True,0.4135,0.04483056992722712,"[0.3818, 0.4452]",0.0945,0.017677669529663684,"[0.082, 0.107]",/workspace-SR006.nfs2/bulatov/rmt/runs/test-time/N8-K2V2-V62_1M/original_rmt_llama_L4H4D512_mem8_lr1e-04_bs_64_lr_1e-04/run_1,1e-04,8,-
117,N8-K2V2-V62_1M,original_rmt-vl_llama_L4H4D128-out_layer_-4_mem8_lr1e-04_bs_64_lr_1e-04,True,0.344,0.17677669529663687,"[0.219, 0.469]",0.0754,0.04044650788387052,"[0.0468, 0.104]",/workspace-SR006.nfs2/bulatov/rmt/runs/test-time/N8-K2V2-V62_1M/original_rmt-vl_llama_L4H4D128-out_layer_-4_mem8_lr1e-04_bs_64_lr_1e-04/run_1,1e-04,8,-
116,N8-K2V2-V62_1M,original_rmt-vl_llama_L4H4D128-out_layer_-3_mem8_lr5e-05_bs_64_lr_5e-05,True,0.23835,0.10019703089413375,"[0.1675, 0.3092]",0.0689,0.054447222151364154,"[0.0304, 0.1074]",/workspace-SR006.nfs2/bulatov/rmt/runs/test-time/N8-K2V2-V62_1M/original_rmt-vl_llama_L4H4D128-out_layer_-3_mem8_lr5e-05_bs_64_lr_5e-05/run_1,5e-05,8,-
137,N8-K2V2-V62_1M,original_rmt_llama_L4H4D128_mem8_lr1e-04-continue_8-2_0.5_bs_64_lr_1e-04,True,0.6223339141538147,0.2010212019704344,"[0.7644773692293794, 0.4801904590782499]",0.06822572258852727,0.06695196498121457,"[0.11556791104050834, 0.020883534136546186]",/workspace-SR006.nfs2/bulatov/rmt/runs/test-time/N8-K2V2-V62_1M/original_rmt_llama_L4H4D128_mem8_lr1e-04-continue_8-2_0.5_bs_64_lr_1e-04/run_1,1e-04,8,continue
119,N8-K2V2-V62_1M,original_rmt-vl_llama_L4H4D128-out_layer_-4_mem8_lr5e-05_bs_64_lr_5e-05,True,0.1891,0.02418305191657993,"[0.2062, 0.172]",0.037,0.00311126983722081,"[0.0392, 0.0348]",/workspace-SR006.nfs2/bulatov/rmt/runs/test-time/N8-K2V2-V62_1M/original_rmt-vl_llama_L4H4D128-out_layer_-4_mem8_lr5e-05_bs_64_lr_5e-05/run_1,5e-05,8,-
153,N8-K2V2-V62_1M,original_rmt_llama_L4H4D128_mem8_lr5e-05_bs_64_lr_5e-05,True,0.1743,0.0052325901807804545,"[0.178, 0.1706]",0.0356,0.0002828427124746173,"[0.0358, 0.0354]",/workspace-SR006.nfs2/bulatov/rmt/runs/test-time/N8-K2V2-V62_1M/original_rmt_llama_L4H4D128_mem8_lr5e-05_bs_64_lr_5e-05/run_1,5e-05,8,-
145,N8-K2V2-V62_1M,original_rmt_llama_L4H4D128_mem8_lr1e-05_bs_64_lr_1e-05,True,0.1751,0.0002828427124746271,"[0.1753, 0.1749]",0.035,0.0014142135623730937,"[0.036, 0.034]",/workspace-SR006.nfs2/bulatov/rmt/runs/test-time/N8-K2V2-V62_1M/original_rmt_llama_L4H4D128_mem8_lr1e-05_bs_64_lr_1e-05/run_1,1e-05,8,-
121,N8-K2V2-V62_1M,original_rmt_llama_L2H4D128_mem8_lr1e-04_bs_64_lr_1e-04,True,0.17335,0.0010606601717798223,"[0.1726, 0.1741]",0.0325,0.0015556349186104026,"[0.0314, 0.0336]",/workspace-SR006.nfs2/bulatov/rmt/runs/test-time/N8-K2V2-V62_1M/original_rmt_llama_L2H4D128_mem8_lr1e-04_bs_64_lr_1e-04/run_1,1e-04,8,-
113,N8-K2V2-V62_1M,original_rmt-vl_llama_L4H4D128-out_layer_-2_mem8_lr5e-05_bs_64_lr_5e-05,True,0.17125,0.00445477272147524,"[0.1681, 0.1744]",0.0319,0.0015556349186104075,"[0.0308, 0.033]",/workspace-SR006.nfs2/bulatov/rmt/runs/test-time/N8-K2V2-V62_1M/original_rmt-vl_llama_L4H4D128-out_layer_-2_mem8_lr5e-05_bs_64_lr_5e-05/run_1,5e-05,8,-
157,N8-K2V2-V62_1M,original_rmt_llama_L4H4D64_mem8_lr1e-04_bs_64_lr_1e-04,True,0.1698,0.0002828427124746271,"[0.1696, 0.17]",0.0303,0.00042426406871192964,"[0.0306, 0.03]",/workspace-SR006.nfs2/bulatov/rmt/runs/test-time/N8-K2V2-V62_1M/original_rmt_llama_L4H4D64_mem8_lr1e-04_bs_64_lr_1e-04/run_1,1e-04,8,-
109,N8-K2V2-V62_1M,original_rmt-vl_llama_L4H4D128-out_layer_-1_mem8_lr3e-04_bs_64_lr_3e-04,True,0.16604999999999998,0.001626345596729047,"[0.1672, 0.1649]",0.0293,0.0009899494936611655,"[0.03, 0.0286]",/workspace-SR006.nfs2/bulatov/rmt/runs/test-time/N8-K2V2-V62_1M/original_rmt-vl_llama_L4H4D128-out_layer_-1_mem8_lr3e-04_bs_64_lr_3e-04/run_1,3e-04,8,-
149,N8-K2V2-V62_1M,original_rmt_llama_L4H4D128_mem8_lr3e-04_bs_64_lr_3e-04,True,0.1665,0.004242640687119289,"[0.1695, 0.1635]",0.028999999999999998,0.0025455844122715715,"[0.0308, 0.0272]",/workspace-SR006.nfs2/bulatov/rmt/runs/test-time/N8-K2V2-V62_1M/original_rmt_llama_L4H4D128_mem8_lr3e-04_bs_64_lr_3e-04/run_1,3e-04,8,-
146,N8-K2V2-V62_1M,original_rmt_llama_L4H4D128_mem8_lr2e-04_bs_64_lr_2e-04,True,0.16799999999999998,0.0012727922061357927,"[0.1671, 0.1689]",0.0288,0.0042426406871192875,"[0.0258, 0.0318]",/workspace-SR006.nfs2/bulatov/rmt/runs/test-time/N8-K2V2-V62_1M/original_rmt_llama_L4H4D128_mem8_lr2e-04_bs_64_lr_2e-04/run_1,2e-04,8,-
126,N8-K2V2-V62_1M,original_rmt_llama_L4H4D128_mem1_lr1e-04_bs_64_lr_1e-04,True,0.16615000000000002,0.00021213203435597035,"[0.1663, 0.166]",0.026500000000000003,0.003535533905932737,"[0.024, 0.029]",/workspace-SR006.nfs2/bulatov/rmt/runs/test-time/N8-K2V2-V62_1M/original_rmt_llama_L4H4D128_mem1_lr1e-04_bs_64_lr_1e-04/run_1,1e-04,1,-
112,N8-K2V2-V62_1M,original_rmt-vl_llama_L4H4D128-out_layer_-2_mem8_lr3e-04_bs_64_lr_3e-04,True,0.1644,0.00042426406871195045,"[0.1641, 0.1647]",0.0263,0.0018384776310850222,"[0.025, 0.0276]",/workspace-SR006.nfs2/bulatov/rmt/runs/test-time/N8-K2V2-V62_1M/original_rmt-vl_llama_L4H4D128-out_layer_-2_mem8_lr3e-04_bs_64_lr_3e-04/run_1,3e-04,8,-
79,N8-K1V1-V62_1M,original_rmt_llama_L4H4D128_mem8_lr1e-04_bs_64_lr_1e-04,True,0.5056,0.4780041840821061,"[0.1676, 0.8436]",0.5056,0.4780041840821061,"[0.1676, 0.8436]",/workspace-SR006.nfs2/bulatov/rmt/runs/test-time/N8-K1V1-V62_1M/original_rmt_llama_L4H4D128_mem8_lr1e-04_bs_64_lr_1e-04/run_1,1e-04,8,-
77,N8-K1V1-V62_1M,original_rmt_llama_L4H2D128_mem8_lr1e-04_bs_64_lr_1e-04,True,0.1728,0.004808326112068513,"[0.1694, 0.1762]",0.1728,0.004808326112068513,"[0.1694, 0.1762]",/workspace-SR006.nfs2/bulatov/rmt/runs/test-time/N8-K1V1-V62_1M/original_rmt_llama_L4H2D128_mem8_lr1e-04_bs_64_lr_1e-04/run_1,1e-04,8,-
78,N8-K1V1-V62_1M,original_rmt_llama_L4H4D128_mem8_lr1e-04_bs_256_lr_1e-04,True,0.1708,0.0002828427124746271,"[0.1706, 0.171]",0.1708,0.0002828427124746271,"[0.1706, 0.171]",/workspace-SR006.nfs2/bulatov/rmt/runs/test-time/N8-K1V1-V62_1M/original_rmt_llama_L4H4D128_mem8_lr1e-04_bs_256_lr_1e-04/run_1,1e-04,8,-
76,N8-K1V1-V62_1M,original_rmt_llama_L4H2D128_mem8_lr1e-04_bs_256_lr_1e-04,True,0.1696,0.0011313708498984691,"[0.1688, 0.1704]",0.1696,0.0011313708498984691,"[0.1688, 0.1704]",/workspace-SR006.nfs2/bulatov/rmt/runs/test-time/N8-K1V1-V62_1M/original_rmt_llama_L4H2D128_mem8_lr1e-04_bs_256_lr_1e-04/run_1,1e-04,8,-
71,N64-K2V2-V62_1M,original_rmt_llama_L4H4D128_mem8_lr3e-04-reconstruct_0.25_bs_64_lr_3e-04,True,0.3813995899429471,0.2392810594746394,"[0.21220233017892803, 0.5505968497069662]",0.0006680245419661899,0.00019607210818202593,"[0.0005293806246691371, 0.0008066684592632429]",/workspace-SR006.nfs2/bulatov/rmt/runs/test-time/N64-K2V2-V62_1M/original_rmt_llama_L4H4D128_mem8_lr3e-04-reconstruct_0.25_bs_64_lr_3e-04/run_1,3e-04,8,reconstruct
60,N64-K2V2-V62_1M,original_rmt_llama_L4H4D128_mem8_lr1e-04-continue_4-64_0.5_bs_64_lr_1e-04,True,0.22140332612607744,0.00046818805854394977,"[0.2217343850771444, 0.22107226717501044]",0.0006024096385542169,0.0008519358809476477,"[0.0, 0.0012048192771084338]",/workspace-SR006.nfs2/bulatov/rmt/runs/test-time/N64-K2V2-V62_1M/original_rmt_llama_L4H4D128_mem8_lr1e-04-continue_4-64_0.5_bs_64_lr_1e-04/run_1,1e-04,8,continue
63,N64-K2V2-V62_1M,original_rmt_llama_L4H4D128_mem8_lr1e-04-continue_8-64_0.5_bs_64_lr_1e-04,True,0.2742214747351196,0.038976253137437626,"[0.3017818476338452, 0.246661101836394]",0.0005979438006194755,0.00027766297840787775,"[0.0007942811755361397, 0.00040160642570281126]",/workspace-SR006.nfs2/bulatov/rmt/runs/test-time/N64-K2V2-V62_1M/original_rmt_llama_L4H4D128_mem8_lr1e-04-continue_8-64_0.5_bs_64_lr_1e-04/run_1,1e-04,8,continue
70,N64-K2V2-V62_1M,original_rmt_llama_L4H4D128_mem8_lr3e-04-continue_8-64_0.5_bs_64_lr_3e-04,True,0.22059273220850514,0.0002019601850235334,"[0.2204499247921453, 0.22073553962486497]",0.0005979438006194755,0.00027766297840787775,"[0.0007942811755361397, 0.00040160642570281126]",/workspace-SR006.nfs2/bulatov/rmt/runs/test-time/N64-K2V2-V62_1M/original_rmt_llama_L4H4D128_mem8_lr3e-04-continue_8-64_0.5_bs_64_lr_3e-04/run_1,3e-04,8,continue
64,N64-K2V2-V62_1M,original_rmt_llama_L4H4D128_mem8_lr1e-04-reconstruct_0.5_bs_64_lr_1e-04,True,0.6771826113869331,0.007653502913227896,"[0.6825944551967076, 0.6717707675771587]",0.0004079967360261118,0.0005769945174920829,"[0.0, 0.0008159934720522236]",/workspace-SR006.nfs2/bulatov/rmt/runs/test-time/N64-K2V2-V62_1M/original_rmt_llama_L4H4D128_mem8_lr1e-04-reconstruct_0.5_bs_64_lr_1e-04/run_1,1e-04,8,reconstruct
62,N64-K2V2-V62_1M,original_rmt_llama_L4H4D128_mem8_lr1e-04-continue_8-32_0.5_bs_64_lr_1e-04,True,0.23721425606290353,0.012149280439600809,"[0.24580509464828232, 0.2286234174775247]",0.00040160642570281126,0.0005679572539650984,"[0.0, 0.0008032128514056225]",/workspace-SR006.nfs2/bulatov/rmt/runs/test-time/N64-K2V2-V62_1M/original_rmt_llama_L4H4D128_mem8_lr1e-04-continue_8-32_0.5_bs_64_lr_1e-04/run_1,1e-04,8,continue
73,N64-K2V2-V62_1M,original_rmt_llama_L4H4D128_mem8_lr3e-04-reconstruct_0.75_bs_64_lr_3e-04,True,0.7383051781303938,0.21266881402167165,"[0.8886847386720186, 0.587925617588769]",0.00040032025620496394,0.0005661383356177322,"[0.0008006405124099279, 0.0]",/workspace-SR006.nfs2/bulatov/rmt/runs/test-time/N64-K2V2-V62_1M/original_rmt_llama_L4H4D128_mem8_lr3e-04-reconstruct_0.75_bs_64_lr_3e-04/run_1,3e-04,8,reconstruct
75,N64-K2V2-V62_1M,original_rmt_llama_L4H4D128_mem8_lr5e-04-reconstruct_0.75_bs_64_lr_5e-04,True,0.5118031963931818,0.10262407054714458,"[0.5843693725900344, 0.43923702019632926]",0.00040032025620496394,0.0005661383356177322,"[0.0008006405124099279, 0.0]",/workspace-SR006.nfs2/bulatov/rmt/runs/test-time/N64-K2V2-V62_1M/original_rmt_llama_L4H4D128_mem8_lr5e-04-reconstruct_0.75_bs_64_lr_5e-04/run_1,5e-04,8,reconstruct
74,N64-K2V2-V62_1M,original_rmt_llama_L4H4D128_mem8_lr5e-04-reconstruct_0.25_bs_64_lr_5e-04,True,0.5316775345322846,0.10225490596637264,"[0.4593723971138697, 0.6039826719506994]",0.00039913505554510905,0.00018419505029420297,"[0.0005293806246691371, 0.00026888948642108095]",/workspace-SR006.nfs2/bulatov/rmt/runs/test-time/N64-K2V2-V62_1M/original_rmt_llama_L4H4D128_mem8_lr5e-04-reconstruct_0.25_bs_64_lr_5e-04/run_1,5e-04,8,reconstruct
59,N64-K2V2-V62_1M,original_rmt_llama_L4H4D128_mem8_lr1e-04-continue_4-32_0.5_bs_64_lr_1e-04,True,0.23083459353171615,0.004077352539133699,"[0.22795146990200654, 0.23371771716142578]",0.0003971405877680699,0.0005616416053904269,"[0.0007942811755361397, 0.0]",/workspace-SR006.nfs2/bulatov/rmt/runs/test-time/N64-K2V2-V62_1M/original_rmt_llama_L4H4D128_mem8_lr1e-04-continue_4-32_0.5_bs_64_lr_1e-04/run_1,1e-04,8,continue
66,N64-K2V2-V62_1M,original_rmt_llama_L4H4D128_mem8_lr3e-04-continue_4-32_0.5_bs_64_lr_3e-04,True,0.22765472674216064,0.0004856504346239932,"[0.22799813345776948, 0.22731132002655183]",0.0003971405877680699,0.0005616416053904269,"[0.0007942811755361397, 0.0]",/workspace-SR006.nfs2/bulatov/rmt/runs/test-time/N64-K2V2-V62_1M/original_rmt_llama_L4H4D128_mem8_lr3e-04-continue_4-32_0.5_bs_64_lr_3e-04/run_1,3e-04,8,continue
68,N64-K2V2-V62_1M,original_rmt_llama_L4H4D128_mem8_lr3e-04-continue_8-16_0.5_bs_64_lr_3e-04,True,0.23990230749134261,0.0014970165245800442,"[0.23884375695526375, 0.24096085802742148]",0.00020080321285140563,0.0002839786269825492,"[0.0, 0.00040160642570281126]",/workspace-SR006.nfs2/bulatov/rmt/runs/test-time/N64-K2V2-V62_1M/original_rmt_llama_L4H4D128_mem8_lr3e-04-continue_8-16_0.5_bs_64_lr_3e-04/run_1,3e-04,8,continue
58,N64-K2V2-V62_1M,original_rmt_llama_L4H4D128_mem8_lr1e-04-continue_4-16_0.5_bs_64_lr_1e-04,True,0.24021776966301464,0.00012811968048645912,"[0.2401271753681392, 0.24030836395789007]",0.00019857029388403494,0.00028082080269521345,"[0.0003971405877680699, 0.0]",/workspace-SR006.nfs2/bulatov/rmt/runs/test-time/N64-K2V2-V62_1M/original_rmt_llama_L4H4D128_mem8_lr1e-04-continue_4-16_0.5_bs_64_lr_1e-04/run_1,1e-04,8,continue
67,N64-K2V2-V62_1M,original_rmt_llama_L4H4D128_mem8_lr3e-04-continue_4-64_0.5_bs_64_lr_3e-04,True,0.22089150951680375,3.579259886551266e-05,"[0.22086620032742968, 0.22091681870617785]",0.00019857029388403494,0.00028082080269521345,"[0.0003971405877680699, 0.0]",/workspace-SR006.nfs2/bulatov/rmt/runs/test-time/N64-K2V2-V62_1M/original_rmt_llama_L4H4D128_mem8_lr3e-04-continue_4-64_0.5_bs_64_lr_3e-04/run_1,3e-04,8,continue
69,N64-K2V2-V62_1M,original_rmt_llama_L4H4D128_mem8_lr3e-04-continue_8-32_0.5_bs_64_lr_3e-04,True,0.22792732121258058,0.001333353465149546,"[0.22698449793565476, 0.2288701444895064]",0.00019857029388403494,0.00028082080269521345,"[0.0003971405877680699, 0.0]",/workspace-SR006.nfs2/bulatov/rmt/runs/test-time/N64-K2V2-V62_1M/original_rmt_llama_L4H4D128_mem8_lr3e-04-continue_8-32_0.5_bs_64_lr_3e-04/run_1,3e-04,8,continue
61,N64-K2V2-V62_1M,original_rmt_llama_L4H4D128_mem8_lr1e-04-continue_8-16_0.5_bs_64_lr_1e-04,True,0.2402383011787071,8.362751743479354e-05,"[0.24017916759403515, 0.24029743476337903]",0.0,0.0,"[0.0, 0.0]",/workspace-SR006.nfs2/bulatov/rmt/runs/test-time/N64-K2V2-V62_1M/original_rmt_llama_L4H4D128_mem8_lr1e-04-continue_8-16_0.5_bs_64_lr_1e-04/run_1,1e-04,8,continue
65,N64-K2V2-V62_1M,original_rmt_llama_L4H4D128_mem8_lr3e-04-continue_4-16_0.5_bs_64_lr_3e-04,True,0.23968748506162413,0.000995284520044118,"[0.23898371262829093, 0.24039125749495732]",0.0,0.0,"[0.0, 0.0]",/workspace-SR006.nfs2/bulatov/rmt/runs/test-time/N64-K2V2-V62_1M/original_rmt_llama_L4H4D128_mem8_lr3e-04-continue_4-16_0.5_bs_64_lr_3e-04/run_1,3e-04,8,continue
72,N64-K2V2-V62_1M,original_rmt_llama_L4H4D128_mem8_lr3e-04-reconstruct_0.5_bs_64_lr_3e-04,True,0.7007302039937218,0.02986457195239572,"[0.7218476453384944, 0.6796127626489492]",0.0,0.0,"[0.0, 0.0]",/workspace-SR006.nfs2/bulatov/rmt/runs/test-time/N64-K2V2-V62_1M/original_rmt_llama_L4H4D128_mem8_lr3e-04-reconstruct_0.5_bs_64_lr_3e-04/run_1,3e-04,8,reconstruct
50,N4-K2V2-V62_1M,original_rmt_llama_L4H4D128_mem8_lr1e-04-continue_2-16_0.5_bs_64_lr_1e-04,True,0.9999444190820981,2.708650428197667e-07,"[0.9999442275515895, 0.9999446106126066]",0.9995983935742971,0.0005679572539650505,"[1.0, 0.9991967871485944]",/workspace-SR006.nfs2/bulatov/rmt/runs/test-time/N4-K2V2-V62_1M/original_rmt_llama_L4H4D128_mem8_lr1e-04-continue_2-16_0.5_bs_64_lr_1e-04/run_1,1e-04,8,continue
48,N4-K2V2-V62_1M,original_rmt_llama_L4H2D128_mem8_lr1e-04_bs_256_lr_1e-04,True,0.9997,0.00042426406871199957,"[1.0, 0.9994]",0.9994000000000001,0.0008485281374238814,"[1.0, 0.9988]",/workspace-SR006.nfs2/bulatov/rmt/runs/test-time/N4-K2V2-V62_1M/original_rmt_llama_L4H2D128_mem8_lr1e-04_bs_256_lr_1e-04/run_1,1e-04,8,-
56,N4-K2V2-V62_1M,original_rmt_llama_L4H4D128_mem8_lr5e-05-continue_2-16_0.5_bs_64_lr_5e-05,True,0.9999304759699954,1.9989403280074395e-05,"[0.9999163413273843, 0.9999446106126066]",0.9992034859054965,0.000558483781103066,"[0.9988085782366958, 0.9995983935742971]",/workspace-SR006.nfs2/bulatov/rmt/runs/test-time/N4-K2V2-V62_1M/original_rmt_llama_L4H4D128_mem8_lr5e-05-continue_2-16_0.5_bs_64_lr_5e-05/run_1,5e-05,8,continue
51,N4-K2V2-V62_1M,original_rmt_llama_L4H4D128_mem8_lr1e-04-reconstruct_0.5_bs_64_lr_1e-04,True,0.999945532398307,1.1074029088859553e-06,"[0.9999447493462006, 0.9999463154504133]",0.9989941490472015,0.0003084954933026647,"[0.9992122883024813, 0.9987760097919217]",/workspace-SR006.nfs2/bulatov/rmt/runs/test-time/N4-K2V2-V62_1M/original_rmt_llama_L4H4D128_mem8_lr1e-04-reconstruct_0.5_bs_64_lr_1e-04/run_1,1e-04,8,reconstruct
57,N4-K2V2-V62_1M,original_rmt_llama_L4H4D128_mem8_lr5e-05-reconstruct_0.5_bs_64_lr_5e-05,True,0.9999276375484447,2.419973646282681e-05,"[0.9999447493462006, 0.999910525750689]",0.9983892243867957,0.0006069918693270511,"[0.9988184324537219, 0.9979600163198694]",/workspace-SR006.nfs2/bulatov/rmt/runs/test-time/N4-K2V2-V62_1M/original_rmt_llama_L4H4D128_mem8_lr5e-05-reconstruct_0.5_bs_64_lr_5e-05/run_1,5e-05,8,reconstruct
52,N4-K2V2-V62_1M,original_rmt_llama_L4H4D128_mem8_lr1e-04_bs_256_lr_1e-04,True,0.99805,0.0009192388155425676,"[0.9974, 0.9987]",0.9963,0.0021213203435596836,"[0.9948, 0.9978]",/workspace-SR006.nfs2/bulatov/rmt/runs/test-time/N4-K2V2-V62_1M/original_rmt_llama_L4H4D128_mem8_lr1e-04_bs_256_lr_1e-04/run_1,1e-04,8,-
54,N4-K2V2-V62_1M,original_rmt_llama_L4H4D128_mem8_lr3e-04-continue_2-16_0.5_bs_64_lr_3e-04,True,0.999598426941398,0.0005679100657584771,"[1.0, 0.9991968538827961]",0.9941767068273093,0.00823538018249396,"[1.0, 0.9883534136546185]",/workspace-SR006.nfs2/bulatov/rmt/runs/test-time/N4-K2V2-V62_1M/original_rmt_llama_L4H4D128_mem8_lr3e-04-continue_2-16_0.5_bs_64_lr_3e-04/run_1,3e-04,8,continue
55,N4-K2V2-V62_1M,original_rmt_llama_L4H4D128_mem8_lr3e-04-reconstruct_0.5_bs_64_lr_3e-04,True,0.9997245297831094,0.000313652298641194,"[0.9995027441158054, 0.9999463154504133]",0.9940709509377096,0.006653958043390409,"[0.9893658920834975, 0.9987760097919217]",/workspace-SR006.nfs2/bulatov/rmt/runs/test-time/N4-K2V2-V62_1M/original_rmt_llama_L4H4D128_mem8_lr3e-04-reconstruct_0.5_bs_64_lr_3e-04/run_1,3e-04,8,reconstruct
49,N4-K2V2-V62_1M,original_rmt_llama_L4H2D128_mem8_lr1e-04_bs_64_lr_1e-04,True,0.9690000000000001,0.02913279938488573,"[0.9484, 0.9896]",0.9418,0.05289158723275374,"[0.9044, 0.9792]",/workspace-SR006.nfs2/bulatov/rmt/runs/test-time/N4-K2V2-V62_1M/original_rmt_llama_L4H2D128_mem8_lr1e-04_bs_64_lr_1e-04/run_1,1e-04,8,-
53,N4-K2V2-V62_1M,original_rmt_llama_L4H4D128_mem8_lr1e-04_bs_64_lr_1e-04,True,0.96485,0.001909188309203625,"[0.9635, 0.9662]",0.9360999999999999,0.010606601717798262,"[0.9286, 0.9436]",/workspace-SR006.nfs2/bulatov/rmt/runs/test-time/N4-K2V2-V62_1M/original_rmt_llama_L4H4D128_mem8_lr1e-04_bs_64_lr_1e-04/run_1,1e-04,8,-
33,N32-K2V2-V62_1M,original_rmt_llama_L4H4D128_mem8_lr1e-04_from_N8_bs_64_lr_1e-04,True,0.8309,0.0009899494936611753,"[0.8302, 0.8316]",0.6882,0.0014142135623730963,"[0.6872, 0.6892]",/workspace-SR006.nfs2/bulatov/rmt/runs/test-time/N32-K2V2-V62_1M/original_rmt_llama_L4H4D128_mem8_lr1e-04_from_N8_bs_64_lr_1e-04/run_1,1e-04,8,-
36,N32-K2V2-V62_1M,original_rmt_llama_L4H4D128_mem8_lr3e-04-continue_4-64_0.5_bs_64_lr_3e-04,True,0.9046836572537339,0.058176458205761034,"[0.9458206253564433, 0.8635466891510245]",0.5766082598862488,0.017467279486519948,"[0.5889594916600477, 0.5642570281124498]",/workspace-SR006.nfs2/bulatov/rmt/runs/test-time/N32-K2V2-V62_1M/original_rmt_llama_L4H4D128_mem8_lr3e-04-continue_4-64_0.5_bs_64_lr_3e-04/run_1,3e-04,8,continue
39,N32-K2V2-V62_1M,original_rmt_llama_L4H4D128_mem8_lr3e-04-continue_8-64_0.5_bs_64_lr_3e-04,True,0.8399763224566311,0.1618927053485669,"[0.7255008926800238, 0.9544517522332384]",0.5360447349365691,0.227892058697424,"[0.374900714853058, 0.6971887550200804]",/workspace-SR006.nfs2/bulatov/rmt/runs/test-time/N32-K2V2-V62_1M/original_rmt_llama_L4H4D128_mem8_lr3e-04-continue_8-64_0.5_bs_64_lr_3e-04/run_1,3e-04,8,continue
30,N32-K2V2-V62_1M,original_rmt_llama_L4H4D128_mem8_lr1e-04-continue_8-64_0.5_bs_64_lr_1e-04,True,0.9442510721984507,0.0030306948121063297,"[0.9421080473451034, 0.946394097051798]",0.3746340405306692,0.19358184669776587,"[0.511517077045274, 0.23775100401606425]",/workspace-SR006.nfs2/bulatov/rmt/runs/test-time/N32-K2V2-V62_1M/original_rmt_llama_L4H4D128_mem8_lr1e-04-continue_8-64_0.5_bs_64_lr_1e-04/run_1,1e-04,8,continue
27,N32-K2V2-V62_1M,original_rmt_llama_L4H4D128_mem8_lr1e-04-continue_4-64_0.5_bs_64_lr_1e-04,True,0.8990301800248884,0.041518809577503854,"[0.8696719482258425, 0.9283884118239344]",0.34872532225805525,0.273570212572613,"[0.15528196981731532, 0.5421686746987951]",/workspace-SR006.nfs2/bulatov/rmt/runs/test-time/N32-K2V2-V62_1M/original_rmt_llama_L4H4D128_mem8_lr1e-04-continue_4-64_0.5_bs_64_lr_1e-04/run_1,1e-04,8,continue
32,N32-K2V2-V62_1M,original_rmt_llama_L4H4D128_mem8_lr1e-04-reconstruct_0.5_from_N8_bs_64_lr_1e-04,True,0.8213409953917302,0.028370222560583226,"[0.8414017721480902, 0.8012802186353702]",0.17851673019620964,0.22822701121931083,"[0.3398975974793226, 0.017135862913096694]",/workspace-SR006.nfs2/bulatov/rmt/runs/test-time/N32-K2V2-V62_1M/original_rmt_llama_L4H4D128_mem8_lr1e-04-reconstruct_0.5_from_N8_bs_64_lr_1e-04/run_1,1e-04,8,reconstruct
41,N32-K2V2-V62_1M,original_rmt_llama_L4H4D128_mem8_lr3e-04-reconstruct_0.5_bs_64_lr_3e-04,True,0.8764363270995434,0.15804178848760764,"[0.7646839067491061, 0.9881887474499809]",0.08506024901781094,0.11973636149688552,"[0.00039385584875935406, 0.1697266421868625]",/workspace-SR006.nfs2/bulatov/rmt/runs/test-time/N32-K2V2-V62_1M/original_rmt_llama_L4H4D128_mem8_lr3e-04-reconstruct_0.5_bs_64_lr_3e-04/run_1,3e-04,8,reconstruct
40,N32-K2V2-V62_1M,original_rmt_llama_L4H4D128_mem8_lr3e-04-reconstruct_0.25_bs_64_lr_3e-04,True,0.9577280386728937,0.003352596321967012,"[0.9600986822667376, 0.9553573950790497]",0.016391760736469658,0.021309807197028595,"[0.0013234515616728428, 0.03146006991126647]",/workspace-SR006.nfs2/bulatov/rmt/runs/test-time/N32-K2V2-V62_1M/original_rmt_llama_L4H4D128_mem8_lr3e-04-reconstruct_0.25_bs_64_lr_3e-04/run_1,3e-04,8,reconstruct
38,N32-K2V2-V62_1M,original_rmt_llama_L4H4D128_mem8_lr3e-04-continue_8-32_0.5_bs_64_lr_3e-04,True,0.6311154659954468,0.04494640307104772,"[0.6628973723969285, 0.5993335595939651]",0.016302860369197203,0.017944110953907643,"[0.028991262907069104, 0.0036144578313253013]",/workspace-SR006.nfs2/bulatov/rmt/runs/test-time/N32-K2V2-V62_1M/original_rmt_llama_L4H4D128_mem8_lr3e-04-continue_8-32_0.5_bs_64_lr_3e-04/run_1,3e-04,8,continue
26,N32-K2V2-V62_1M,original_rmt_llama_L4H4D128_mem8_lr1e-04-continue_4-32_0.5_bs_64_lr_1e-04,True,0.308409831848492,0.009013998416323917,"[0.31478369125427946, 0.3020359724427046]",0.00797853845883933,0.0021960412329643368,"[0.009531374106433678, 0.00642570281124498]",/workspace-SR006.nfs2/bulatov/rmt/runs/test-time/N32-K2V2-V62_1M/original_rmt_llama_L4H4D128_mem8_lr1e-04-continue_4-32_0.5_bs_64_lr_1e-04/run_1,1e-04,8,continue
29,N32-K2V2-V62_1M,original_rmt_llama_L4H4D128_mem8_lr1e-04-continue_8-32_0.5_bs_64_lr_1e-04,True,0.32292683162517155,0.015157560239056763,"[0.3336448452564522, 0.31220881799389094]",0.007184257283303189,0.001072758022183482,"[0.007942811755361398, 0.00642570281124498]",/workspace-SR006.nfs2/bulatov/rmt/runs/test-time/N32-K2V2-V62_1M/original_rmt_llama_L4H4D128_mem8_lr1e-04-continue_8-32_0.5_bs_64_lr_1e-04/run_1,1e-04,8,continue
25,N32-K2V2-V62_1M,original_rmt_llama_L4H4D128_mem8_lr1e-04-continue_4-16_0.5_bs_64_lr_1e-04,True,0.28833780657041486,0.005036031804849784,"[0.29189881880989527, 0.28477679433093445]",0.005990602601031609,4.7367364310035734e-05,"[0.005957108816521049, 0.006024096385542169]",/workspace-SR006.nfs2/bulatov/rmt/runs/test-time/N32-K2V2-V62_1M/original_rmt_llama_L4H4D128_mem8_lr1e-04-continue_4-16_0.5_bs_64_lr_1e-04/run_1,1e-04,8,continue
28,N32-K2V2-V62_1M,original_rmt_llama_L4H4D128_mem8_lr1e-04-continue_8-16_0.5_bs_64_lr_1e-04,True,0.29555563111744626,8.518553698730485e-05,"[0.295615866388309, 0.2954953958465835]",0.004986586536774581,0.0013725257706027106,"[0.005957108816521049, 0.004016064257028112]",/workspace-SR006.nfs2/bulatov/rmt/runs/test-time/N32-K2V2-V62_1M/original_rmt_llama_L4H4D128_mem8_lr1e-04-continue_8-16_0.5_bs_64_lr_1e-04/run_1,1e-04,8,continue
37,N32-K2V2-V62_1M,original_rmt_llama_L4H4D128_mem8_lr3e-04-continue_8-16_0.5_bs_64_lr_3e-04,True,0.2664133864162671,0.03688958236887705,"[0.2924982602644398, 0.24032851256809445]",0.0043707793844161395,0.005613258229616933,"[0.008339952343129467, 0.00040160642570281126]",/workspace-SR006.nfs2/bulatov/rmt/runs/test-time/N32-K2V2-V62_1M/original_rmt_llama_L4H4D128_mem8_lr3e-04-continue_8-16_0.5_bs_64_lr_3e-04/run_1,3e-04,8,continue
35,N32-K2V2-V62_1M,original_rmt_llama_L4H4D128_mem8_lr3e-04-continue_4-32_0.5_bs_64_lr_3e-04,True,0.39550477099771714,0.040116996028911805,"[0.42387177093059447, 0.3671377710648398]",0.003197220972850895,0.0005900620239764488,"[0.0027799841143764893, 0.0036144578313253013]",/workspace-SR006.nfs2/bulatov/rmt/runs/test-time/N32-K2V2-V62_1M/original_rmt_llama_L4H4D128_mem8_lr3e-04-continue_4-32_0.5_bs_64_lr_3e-04/run_1,3e-04,8,continue
34,N32-K2V2-V62_1M,original_rmt_llama_L4H4D128_mem8_lr3e-04-continue_4-16_0.5_bs_64_lr_3e-04,True,0.25369918779710904,0.017894905703887364,"[0.26635279696902164, 0.24104557862519646]",0.0017915984828910558,0.0013977883649013958,"[0.0027799841143764893, 0.0008032128514056225]",/workspace-SR006.nfs2/bulatov/rmt/runs/test-time/N32-K2V2-V62_1M/original_rmt_llama_L4H4D128_mem8_lr3e-04-continue_4-16_0.5_bs_64_lr_3e-04/run_1,3e-04,8,continue
43,N32-K2V2-V62_1M,original_rmt_llama_L4H4D128_mem8_lr5e-04-reconstruct_0.25_bs_64_lr_5e-04,True,0.9621351124901512,0.005442685284433093,"[0.9582865528176643, 0.965983672162638]",0.001737283726520745,0.0005852470600741221,"[0.0013234515616728428, 0.0021511158913686476]",/workspace-SR006.nfs2/bulatov/rmt/runs/test-time/N32-K2V2-V62_1M/original_rmt_llama_L4H4D128_mem8_lr5e-04-reconstruct_0.25_bs_64_lr_5e-04/run_1,5e-04,8,reconstruct
42,N32-K2V2-V62_1M,original_rmt_llama_L4H4D128_mem8_lr3e-04-reconstruct_0.75_bs_64_lr_3e-04,True,0.9869645340748935,0.011270680331270233,"[0.9949341085657205, 0.9789949595840665]",0.0012051712567464974,0.0005601838061978045,"[0.0016012810248198558, 0.0008090614886731392]",/workspace-SR006.nfs2/bulatov/rmt/runs/test-time/N32-K2V2-V62_1M/original_rmt_llama_L4H4D128_mem8_lr3e-04-reconstruct_0.75_bs_64_lr_3e-04/run_1,3e-04,8,reconstruct
44,N32-K2V2-V62_1M,original_rmt_llama_L4H4D128_mem8_lr5e-04-reconstruct_0.75_bs_64_lr_5e-04,True,0.9901476052221847,0.00171157219998012,"[0.9889373409130884, 0.991357869531281]",0.0008048510005415335,5.954529419927707e-06,"[0.0008006405124099279, 0.0008090614886731392]",/workspace-SR006.nfs2/bulatov/rmt/runs/test-time/N32-K2V2-V62_1M/original_rmt_llama_L4H4D128_mem8_lr5e-04-reconstruct_0.75_bs_64_lr_5e-04/run_1,5e-04,8,reconstruct
31,N32-K2V2-V62_1M,original_rmt_llama_L4H4D128_mem8_lr1e-04-reconstruct_0.5_bs_64_lr_1e-04,True,0.9790739378155788,0.0096450557400637,"[0.9858940221343001, 0.9722538534968576]",0.00059785421677241,0.0002684990241894037,"[0.0007877116975187081, 0.0004079967360261118]",/workspace-SR006.nfs2/bulatov/rmt/runs/test-time/N32-K2V2-V62_1M/original_rmt_llama_L4H4D128_mem8_lr1e-04-reconstruct_0.5_bs_64_lr_1e-04/run_1,1e-04,8,reconstruct
19,N16-K2V2-V62_1M,original_rmt_llama_L4H4D128_mem8_lr1e-04_from_N8_bs_64_lr_1e-04,True,0.9652499999999999,0.0003535533905933526,"[0.965, 0.9655]",0.9311,0.00014142135623729392,"[0.931, 0.9312]",/workspace-SR006.nfs2/bulatov/rmt/runs/test-time/N16-K2V2-V62_1M/original_rmt_llama_L4H4D128_mem8_lr1e-04_from_N8_bs_64_lr_1e-04/run_1,1e-04,8,-
18,N16-K2V2-V62_1M,original_rmt_llama_L4H4D128_mem8_lr1e-04_from_N4_bs_64_lr_1e-04,True,0.9276,0.0012727922061358025,"[0.9267, 0.9285]",0.8611,0.0007071067811865089,"[0.8616, 0.8606]",/workspace-SR006.nfs2/bulatov/rmt/runs/test-time/N16-K2V2-V62_1M/original_rmt_llama_L4H4D128_mem8_lr1e-04_from_N4_bs_64_lr_1e-04/run_1,1e-04,8,-
21,N16-K2V2-V62_1M,original_rmt_llama_L4H4D128_mem8_lr3e-04-reconstruct_0.5_bs_64_lr_3e-04,True,0.9959203644436585,0.005391340220109088,"[0.9997326176729815, 0.9921081112143356]",0.8229870246110895,0.2297252880424008,"[0.985427333595904, 0.660546715626275]",/workspace-SR006.nfs2/bulatov/rmt/runs/test-time/N16-K2V2-V62_1M/original_rmt_llama_L4H4D128_mem8_lr3e-04-reconstruct_0.5_bs_64_lr_3e-04/run_1,3e-04,8,reconstruct
22,N16-K2V2-V62_1M,original_rmt_llama_L4H4D128_mem8_lr3e-04_from_N4_bs_64_lr_3e-04,True,0.8836999999999999,0.001979898987322311,"[0.8851, 0.8823]",0.7807,0.0029698484809835258,"[0.7828, 0.7786]",/workspace-SR006.nfs2/bulatov/rmt/runs/test-time/N16-K2V2-V62_1M/original_rmt_llama_L4H4D128_mem8_lr3e-04_from_N4_bs_64_lr_3e-04/run_1,3e-04,8,-
15,N16-K2V2-V62_1M,original_rmt_llama_L4H4D128_mem8_lr1e-04-reconstruct_0.5_from_N8_bs_64_lr_1e-04,True,0.8139488324645886,0.00018571850633611163,"[0.8140801552798107, 0.8138175096493665]",0.6378231935940495,0.004214741559144043,"[0.6408034659314691, 0.63484292125663]",/workspace-SR006.nfs2/bulatov/rmt/runs/test-time/N16-K2V2-V62_1M/original_rmt_llama_L4H4D128_mem8_lr1e-04-reconstruct_0.5_from_N8_bs_64_lr_1e-04/run_1,1e-04,8,reconstruct
14,N16-K2V2-V62_1M,original_rmt_llama_L4H4D128_mem8_lr1e-04-reconstruct_0.5_bs_64_lr_1e-04,True,0.9865678952021031,0.009609401676494028,"[0.9797730221135087, 0.9933627682906974]",0.33695846226849724,0.29606443162540735,"[0.12760929499803073, 0.5463076295389637]",/workspace-SR006.nfs2/bulatov/rmt/runs/test-time/N16-K2V2-V62_1M/original_rmt_llama_L4H4D128_mem8_lr1e-04-reconstruct_0.5_bs_64_lr_1e-04/run_1,1e-04,8,reconstruct
20,N16-K2V2-V62_1M,original_rmt_llama_L4H4D128_mem8_lr3e-04-continue_2-16_0.5_bs_64_lr_3e-04,True,0.6259050156341411,0.11480314921852555,"[0.7070831009481316, 0.5447269303201506]",0.16642248102816348,0.07860072765944076,"[0.22200158856235108, 0.1108433734939759]",/workspace-SR006.nfs2/bulatov/rmt/runs/test-time/N16-K2V2-V62_1M/original_rmt_llama_L4H4D128_mem8_lr3e-04-continue_2-16_0.5_bs_64_lr_3e-04/run_1,3e-04,8,continue
24,N16-K2V2-V62_1M,original_rmt_llama_L4H4D128_mem8_lr5e-05-reconstruct_0.5_bs_64_lr_5e-05,True,0.9808509086813102,0.0034894376537307516,"[0.983318313708791, 0.9783835036538295]",0.110463469187087,0.14121707881636675,"[0.21031902323749507, 0.010607915136678907]",/workspace-SR006.nfs2/bulatov/rmt/runs/test-time/N16-K2V2-V62_1M/original_rmt_llama_L4H4D128_mem8_lr5e-05-reconstruct_0.5_bs_64_lr_5e-05/run_1,5e-05,8,reconstruct
23,N16-K2V2-V62_1M,original_rmt_llama_L4H4D128_mem8_lr5e-05-continue_2-16_0.5_bs_64_lr_5e-05,True,0.32308350557177695,0.00756302600898377,"[0.3177356385945343, 0.3284313725490196]",0.015171727418012,0.0010096015364367663,"[0.015885623510722795, 0.014457831325301205]",/workspace-SR006.nfs2/bulatov/rmt/runs/test-time/N16-K2V2-V62_1M/original_rmt_llama_L4H4D128_mem8_lr5e-05-continue_2-16_0.5_bs_64_lr_5e-05/run_1,5e-05,8,continue
7,N16-K2V2-V62_1M,original_rmt-vl_llama_L4H4D128-out_layer_-3_mem8_lr1e-04_bs_64_lr_1e-04,True,0.12229999999999999,0.009899494936611668,"[0.1153, 0.1293]",0.015099999999999999,0.0007071067811865475,"[0.0146, 0.0156]",/workspace-SR006.nfs2/bulatov/rmt/runs/test-time/N16-K2V2-V62_1M/original_rmt-vl_llama_L4H4D128-out_layer_-3_mem8_lr1e-04_bs_64_lr_1e-04/run_1,1e-04,8,-
8,N16-K2V2-V62_1M,original_rmt-vl_llama_L4H4D128-out_layer_-3_mem8_lr3e-04_bs_64_lr_3e-04,True,0.11410000000000001,0.00014142135623730864,"[0.1142, 0.114]",0.013999999999999999,0.003111269837220808,"[0.0162, 0.0118]",/workspace-SR006.nfs2/bulatov/rmt/runs/test-time/N16-K2V2-V62_1M/original_rmt-vl_llama_L4H4D128-out_layer_-3_mem8_lr3e-04_bs_64_lr_3e-04/run_1,3e-04,8,-
13,N16-K2V2-V62_1M,original_rmt_llama_L4H4D128_mem8_lr1e-04-continue_2-16_0.5_bs_64_lr_1e-04,True,0.3383337454328469,0.001157552682411318,"[0.3391522587841606, 0.33751523208153317]",0.01397807273574042,0.00011052385005675098,"[0.013899920571882446, 0.014056224899598393]",/workspace-SR006.nfs2/bulatov/rmt/runs/test-time/N16-K2V2-V62_1M/original_rmt_llama_L4H4D128_mem8_lr1e-04-continue_2-16_0.5_bs_64_lr_1e-04/run_1,1e-04,8,continue
9,N16-K2V2-V62_1M,original_rmt-vl_llama_L4H4D128-out_layer_-4_mem8_lr1e-04_bs_64_lr_1e-04,True,0.11615,7.071067811865187e-05,"[0.1161, 0.1162]",0.0139,0.0009899494936611661,"[0.0146, 0.0132]",/workspace-SR006.nfs2/bulatov/rmt/runs/test-time/N16-K2V2-V62_1M/original_rmt-vl_llama_L4H4D128-out_layer_-4_mem8_lr1e-04_bs_64_lr_1e-04/run_1,1e-04,8,-
3,N16-K2V2-V62_1M,original_rmt-vl_llama_L4H4D128-out_layer_-1_mem8_lr1e-04_bs_64_lr_1e-04,True,0.11615,0.0006363961030678865,"[0.1157, 0.1166]",0.0137,0.0012727922061357851,"[0.0146, 0.0128]",/workspace-SR006.nfs2/bulatov/rmt/runs/test-time/N16-K2V2-V62_1M/original_rmt-vl_llama_L4H4D128-out_layer_-1_mem8_lr1e-04_bs_64_lr_1e-04/run_1,1e-04,8,-
16,N16-K2V2-V62_1M,original_rmt_llama_L4H4D128_mem8_lr1e-04_bs_256_lr_1e-04,True,0.116,0.0014142135623730963,"[0.117, 0.115]",0.0135,0.00014142135623730864,"[0.0134, 0.0136]",/workspace-SR006.nfs2/bulatov/rmt/runs/test-time/N16-K2V2-V62_1M/original_rmt_llama_L4H4D128_mem8_lr1e-04_bs_256_lr_1e-04/run_1,1e-04,8,-
11,N16-K2V2-V62_1M,original_rmt_llama_L4H2D128_mem8_lr1e-04_bs_256_lr_1e-04,True,0.11875,0.005303300858899107,"[0.115, 0.1225]",0.013399999999999999,0.0022627416997969526,"[0.0118, 0.015]",/workspace-SR006.nfs2/bulatov/rmt/runs/test-time/N16-K2V2-V62_1M/original_rmt_llama_L4H2D128_mem8_lr1e-04_bs_256_lr_1e-04/run_1,1e-04,8,-
5,N16-K2V2-V62_1M,original_rmt-vl_llama_L4H4D128-out_layer_-2_mem8_lr1e-04_bs_64_lr_1e-04,True,0.11655,0.0017677669529663704,"[0.1178, 0.1153]",0.0133,0.0009899494936611661,"[0.014, 0.0126]",/workspace-SR006.nfs2/bulatov/rmt/runs/test-time/N16-K2V2-V62_1M/original_rmt-vl_llama_L4H4D128-out_layer_-2_mem8_lr1e-04_bs_64_lr_1e-04/run_1,1e-04,8,-
17,N16-K2V2-V62_1M,original_rmt_llama_L4H4D128_mem8_lr1e-04_bs_64_lr_1e-04,True,0.1143,0.0012727922061357827,"[0.1134, 0.1152]",0.013000000000000001,0.0002828427124746191,"[0.0132, 0.0128]",/workspace-SR006.nfs2/bulatov/rmt/runs/test-time/N16-K2V2-V62_1M/original_rmt_llama_L4H4D128_mem8_lr1e-04_bs_64_lr_1e-04/run_1,1e-04,8,-
12,N16-K2V2-V62_1M,original_rmt_llama_L4H2D128_mem8_lr1e-04_bs_64_lr_1e-04,True,0.1122,0.004384062043356588,"[0.1153, 0.1091]",0.0127,0.0021213203435596424,"[0.0142, 0.0112]",/workspace-SR006.nfs2/bulatov/rmt/runs/test-time/N16-K2V2-V62_1M/original_rmt_llama_L4H2D128_mem8_lr1e-04_bs_64_lr_1e-04/run_1,1e-04,8,-
10,N16-K2V2-V62_1M,original_rmt-vl_llama_L4H4D128-out_layer_-4_mem8_lr3e-04_bs_64_lr_3e-04,True,0.1126,0.0007071067811865482,"[0.1121, 0.1131]",0.0125,0.001555634918610403,"[0.0114, 0.0136]",/workspace-SR006.nfs2/bulatov/rmt/runs/test-time/N16-K2V2-V62_1M/original_rmt-vl_llama_L4H4D128-out_layer_-4_mem8_lr3e-04_bs_64_lr_3e-04/run_1,3e-04,8,-
6,N16-K2V2-V62_1M,original_rmt-vl_llama_L4H4D128-out_layer_-2_mem8_lr3e-04_bs_64_lr_3e-04,True,0.11025,0.0004949747468305876,"[0.1099, 0.1106]",0.0115,0.0018384776310850241,"[0.0102, 0.0128]",/workspace-SR006.nfs2/bulatov/rmt/runs/test-time/N16-K2V2-V62_1M/original_rmt-vl_llama_L4H4D128-out_layer_-2_mem8_lr3e-04_bs_64_lr_3e-04/run_1,3e-04,8,-
4,N16-K2V2-V62_1M,original_rmt-vl_llama_L4H4D128-out_layer_-1_mem8_lr3e-04_bs_64_lr_3e-04,True,0.11125,0.0014849242404917434,"[0.1123, 0.1102]",0.0108,0.0016970562748477155,"[0.012, 0.0096]",/workspace-SR006.nfs2/bulatov/rmt/runs/test-time/N16-K2V2-V62_1M/original_rmt-vl_llama_L4H4D128-out_layer_-1_mem8_lr3e-04_bs_64_lr_3e-04/run_1,3e-04,8,-
