task_name,folder_tag,base_model,pairs_per_segment,state_size,conv_type,num_memory_vectors,d_mem,learning_rate,avg_em,std_em,all_ems,n_runs
N16-K2V2-V62_1M,recurrent_baselines,gated_delta_net,-1,16.0,ck2,-1,,0.001,56.03,17.38,"(70.0, 66.56, 31.54)",3
N16-K2V2-V62_1M,recurrent_baselines,gated_delta_net,-1,16.0,ck4,-1,,0.001,61.6,38.64,"(83.48, 94.02, 7.3)",3
N16-K2V2-V62_1M,recurrent_baselines,gated_delta_net,-1,16.0,noconv,-1,,0.0003,2.77,2.0,"(1.42, 1.3, 5.6)",3
N16-K2V2-V62_1M,recurrent_baselines,mamba,-1,16.0,ck2,-1,,0.001,98.69,0.5,"(98.3, 99.4, 98.38)",3
N16-K2V2-V62_1M,recurrent_baselines,mamba,-1,16.0,ck4,-1,,0.001,98.74,0.78,"(99.1, 97.66, 99.46)",3
N16-K2V2-V62_1M,recurrent_baselines,mamba,-1,16.0,noconv,-1,,0.0003,87.44,10.99,"(71.92, 94.42, 95.98)",3
N16-K2V2-V62_1M,recurrent_baselines,mamba2,-1,16.0,ck2,-1,,0.001,83.07,6.05,"(88.1, 86.56, 74.56)",3
N16-K2V2-V62_1M,recurrent_baselines,mamba2,-1,16.0,ck4,-1,,0.001,68.39,43.5,"(6.88, 99.1, 99.2)",3
N16-K2V2-V62_1M,recurrent_baselines,mamba2,-1,16.0,noconv,-1,,0.0003,36.96,41.44,"(7.46, 7.86, 95.56)",3
N16-K2V2-V62_1M,rmmv5p2,llama,1,32.0,ck4,1,,0.0003,0.82,0.22,"(1.04, 0.6)",2
N16-K2V2-V62_1M,rmmv5p2,llama,16,32.0,ck4,1,,0.0001,1.19,0.05,"(1.14, 1.24)",2
N16-K2V2-V62_1M,rmmv5p2,llama,16,32.0,ck4,4,,0.0001,1.52,0.0,"(1.52,)",1
N16-K2V2-V62_1M,rmmv5p4,llama,1,32.0,ck4,4,,0.0001,5.26,0.0,"(5.26,)",1
N16-K2V2-V62_1M,rmmv5p4,llama,1,32.0,ck4,8,,0.0003,0.02,0.0,"(0.02,)",1
N16-K2V2-V62_1M,segment_baselines,llama,1,,N/A,1,32.0,0.0001,73.24,25.76,"(47.48, 99.0)",2
N16-K2V2-V62_1M,segment_baselines,llama,1,,N/A,1,,0.0001,1.2,0.0,"(1.2, 1.2)",2
N16-K2V2-V62_1M,segment_baselines,llama,1,,N/A,4,32.0,0.0001,99.14,0.0,"(99.14,)",1
N16-K2V2-V62_1M,segment_baselines,llama,1,,N/A,8,32.0,0.0001,99.09,0.01,"(99.1, 99.08)",2
N16-K2V2-V62_1M,segment_baselines,llama,1,,N/A,8,,0.0001,1.54,0.1,"(1.44, 1.64)",2
N16-K2V2-V62_1M,segment_baselines,llama,2,,N/A,1,32.0,0.0001,38.96,14.5,"(24.46, 53.46)",2
N16-K2V2-V62_1M,segment_baselines,llama,2,,N/A,8,32.0,0.0001,99.04,0.02,"(99.06, 99.02)",2
N16-K2V2-V62_1M,segment_baselines,llama,16,,N/A,1,32.0,0.0001,1.0,0.2,"(1.2, 0.8)",2
N16-K2V2-V62_1M,segment_baselines,llama,16,,N/A,8,32.0,0.0001,1.36,0.0,"(1.36,)",1
N32-K2V2-V62_1M,recurrent_baselines,gated_delta_net,-1,16.0,ck2,-1,,0.001,1.17,1.54,"(3.34, 0.14, 0.02)",3
N32-K2V2-V62_1M,recurrent_baselines,gated_delta_net,-1,16.0,ck4,-1,,0.001,2.78,0.65,"(3.18, 1.86, 3.3)",3
N32-K2V2-V62_1M,recurrent_baselines,gated_delta_net,-1,16.0,noconv,-1,,0.0003,0.53,0.6,"(0.08, 1.38, 0.14)",3
N32-K2V2-V62_1M,recurrent_baselines,mamba,-1,16.0,ck2,-1,,0.001,0.23,0.28,"(0.04, 0.02, 0.62)",3
N32-K2V2-V62_1M,recurrent_baselines,mamba,-1,16.0,ck4,-1,,0.001,0.16,0.18,"(0.04, 0.42, 0.02)",3
N32-K2V2-V62_1M,recurrent_baselines,mamba,-1,16.0,noconv,-1,,0.0003,1.2,1.61,"(0.06, 3.48, 0.06)",3
N32-K2V2-V62_1M,recurrent_baselines,mamba2,-1,16.0,ck2,-1,,0.001,51.71,35.88,"(87.06, 2.5, 65.56)",3
N32-K2V2-V62_1M,recurrent_baselines,mamba2,-1,16.0,ck4,-1,,0.001,89.96,2.06,"(90.32, 92.28, 87.28)",3
N32-K2V2-V62_1M,recurrent_baselines,mamba2,-1,16.0,noconv,-1,,0.0003,70.88,12.08,"(87.44, 58.96, 66.24)",3
N32-K2V2-V62_1M,rmmv5p2,llama,1,32.0,ck4,1,,0.0001,0.18,0.04,"(0.14, 0.22)",2
N32-K2V2-V62_1M,rmmv5p2,llama,32,32.0,ck4,1,,0.0001,0.58,0.06,"(0.64, 0.52)",2
N32-K2V2-V62_1M,rmmv5p2,llama,32,32.0,ck4,4,,0.0003,0.36,0.0,"(0.36,)",1
N32-K2V2-V62_1M,segment_baselines,llama,1,,N/A,1,32.0,0.0003,0.03,0.01,"(0.04, 0.02)",2
N32-K2V2-V62_1M,segment_baselines,llama,2,,N/A,1,32.0,0.0001,0.06,0.02,"(0.04, 0.08)",2
N32-K2V2-V62_1M,segment_baselines,llama,2,,N/A,8,32.0,0.0003,0.05,0.05,"(0.1, 0.0)",2
N4-K2V2-V62_1M,recurrent_baselines,gated_delta_net,-1,16.0,noconv,-1,,0.001,45.61,29.07,"(25.1, 86.72, 25.0)",3
N4-K2V2-V62_1M,recurrent_baselines,mamba,-1,16.0,noconv,-1,,0.001,95.07,3.12,"(90.96, 98.52, 95.72)",3
N4-K2V2-V62_1M,recurrent_baselines,mamba2,-1,16.0,noconv,-1,,0.0003,50.97,34.23,"(26.66, 26.86, 99.38)",3
N4-K2V2-V62_1M,rmmv5p2,llama,0,32.0,ck4,1,,0.0001,24.32,0.0,"(24.32,)",1
N4-K2V2-V62_1M,rmmv5p2,llama,1,32.0,ck4,1,,0.0001,26.4,0.14,"(26.26, 26.54)",2
N4-K2V2-V62_1M,rmmv5p2,llama,1,32.0,ck4,2,,0.0003,99.1,0.0,"(99.1, 99.1)",2
N4-K2V2-V62_1M,rmmv5p2,llama,1,32.0,ck4,4,,0.0001,99.23,0.11,"(99.34, 99.12)",2
N4-K2V2-V62_1M,rmmv5p2,llama,4,32.0,ck4,1,,0.0001,25.61,0.19,"(25.8, 25.42)",2
N4-K2V2-V62_1M,rmmv5p2,llama,4,32.0,ck4,4,,0.0001,91.82,0.0,"(91.82,)",1
N4-K2V2-V62_1M,rmmv5p4,llama,0,32.0,ck4,1,,0.0003,25.71,0.41,"(25.3, 26.12)",2
N4-K2V2-V62_1M,rmmv5p4,llama,1,16.0,ck4,4,,0.0003,99.04,0.0,"(99.04,)",1
N4-K2V2-V62_1M,rmmv5p4,llama,1,16.0,ck4,8,,0.0003,99.02,0.0,"(99.02,)",1
N4-K2V2-V62_1M,rmmv5p4,llama,1,32.0,ck2,4,,0.0001,99.04,0.0,"(99.04,)",1
N4-K2V2-V62_1M,rmmv5p4,llama,1,32.0,ck2,8,,0.0001,99.14,0.0,"(99.14,)",1
N4-K2V2-V62_1M,rmmv5p4,llama,1,32.0,ck4,1,,0.0003,26.53,0.11,"(26.64, 26.42)",2
N4-K2V2-V62_1M,rmmv5p4,llama,1,32.0,ck4,2,,0.0001,99.01,0.01,"(99.02, 99.0)",2
N4-K2V2-V62_1M,rmmv5p4,llama,1,32.0,ck4,4,,0.0003,99.24,0.0,"(99.24,)",1
N4-K2V2-V62_1M,rmmv5p4,llama,1,32.0,ck4,8,,0.0001,99.02,0.0,"(99.02,)",1
N4-K2V2-V62_1M,rmmv5p4,llama,4,32.0,ck4,2,,0.0003,91.59,1.55,"(93.14, 90.04)",2
N4-K2V2-V62_1M,rmmv5p4,llama,4,32.0,ck4,4,,0.0001,92.64,0.0,"(92.64,)",1
N4-K2V2-V62_1M,segment_baselines,llama,1,,N/A,1,32.0,0.0001,99.09,0.01,"(99.08, 99.1)",2
N4-K2V2-V62_1M,segment_baselines,llama,1,,N/A,1,,0.0003,26.09,0.09,"(26.0, 26.18)",2
N4-K2V2-V62_1M,segment_baselines,llama,1,,N/A,2,32.0,0.0003,99.37,0.31,"(99.68, 99.06)",2
N4-K2V2-V62_1M,segment_baselines,llama,1,,N/A,2,,0.0001,91.76,0.08,"(91.68, 91.84)",2
N4-K2V2-V62_1M,segment_baselines,llama,1,,N/A,4,32.0,0.0003,99.51,0.21,"(99.72, 99.3)",2
N4-K2V2-V62_1M,segment_baselines,llama,1,,N/A,4,,0.0003,90.7,0.0,"(90.7,)",1
N4-K2V2-V62_1M,segment_baselines,llama,1,,N/A,8,32.0,0.0001,99.1,0.06,"(99.04, 99.16)",2
N4-K2V2-V62_1M,segment_baselines,llama,1,,N/A,8,,0.0001,59.02,32.8,"(91.82, 26.22)",2
N4-K2V2-V62_1M,segment_baselines,llama,4,,N/A,1,32.0,0.0003,7.93,0.13,"(7.8, 8.06)",2
N4-K2V2-V62_1M,segment_baselines,llama,4,,N/A,1,,0.0001,50.92,27.86,"(78.78, 23.06)",2
N4-K2V2-V62_1M,segment_baselines,llama,4,,N/A,2,32.0,0.0001,90.95,1.61,"(92.56, 89.34)",2
N4-K2V2-V62_1M,segment_baselines,llama,4,,N/A,4,32.0,0.0001,89.26,1.56,"(87.7, 90.82)",2
N4-K2V2-V62_1M,segment_baselines,llama,4,,N/A,8,32.0,0.0001,91.38,1.06,"(90.32, 92.44)",2
N8-K2V2-V62_1M,recurrent_baselines,gated_delta_net,-1,4.0,ck2,-1,,0.001,5.85,3.93,"(8.2, 0.32, 9.04)",3
N8-K2V2-V62_1M,recurrent_baselines,gated_delta_net,-1,4.0,ck4,-1,,0.001,9.01,0.62,"(8.88, 8.32, 9.82)",3
N8-K2V2-V62_1M,recurrent_baselines,gated_delta_net,-1,16.0,ck2,-1,,0.001,68.71,39.31,"(93.3, 99.6, 13.24)",3
N8-K2V2-V62_1M,recurrent_baselines,gated_delta_net,-1,16.0,ck4,-1,,0.001,99.27,0.74,"(99.58, 99.98, 98.24)",3
N8-K2V2-V62_1M,recurrent_baselines,gated_delta_net,-1,16.0,noconv,-1,,0.0003,24.09,19.74,"(52.0, 10.56, 9.72)",3
N8-K2V2-V62_1M,recurrent_baselines,gated_delta_net,-1,32.0,ck2,-1,,0.001,95.93,2.57,"(99.56, 93.98, 94.24)",3
N8-K2V2-V62_1M,recurrent_baselines,gated_delta_net,-1,32.0,ck4,-1,,0.001,99.91,0.03,"(99.94, 99.86, 99.92)",3
N8-K2V2-V62_1M,recurrent_baselines,mamba,-1,4.0,ck2,-1,,0.001,97.63,0.13,"(97.46, 97.78, 97.64)",3
N8-K2V2-V62_1M,recurrent_baselines,mamba,-1,4.0,ck4,-1,,0.001,97.41,1.32,"(98.24, 95.54, 98.44)",3
N8-K2V2-V62_1M,recurrent_baselines,mamba,-1,16.0,ck2,-1,,0.001,96.0,5.44,"(99.82, 88.3, 99.88)",3
N8-K2V2-V62_1M,recurrent_baselines,mamba,-1,16.0,ck4,-1,,0.001,99.66,0.12,"(99.5, 99.8, 99.68)",3
N8-K2V2-V62_1M,recurrent_baselines,mamba,-1,16.0,noconv,-1,,0.0003,97.31,2.79,"(98.96, 99.6, 93.38)",3
N8-K2V2-V62_1M,recurrent_baselines,mamba,-1,32.0,ck2,-1,,0.001,99.75,0.17,"(99.8, 99.92, 99.52)",3
N8-K2V2-V62_1M,recurrent_baselines,mamba,-1,32.0,ck4,-1,,0.001,99.5,0.4,"(99.84, 99.72, 98.94)",3
N8-K2V2-V62_1M,recurrent_baselines,mamba2,-1,4.0,ck2,-1,,0.001,62.96,35.57,"(86.72, 89.48, 12.68)",3
N8-K2V2-V62_1M,recurrent_baselines,mamba2,-1,4.0,ck4,-1,,0.001,34.88,44.9,"(3.04, 3.22, 98.38)",3
N8-K2V2-V62_1M,recurrent_baselines,mamba2,-1,16.0,ck2,-1,,0.001,98.05,2.36,"(94.72, 99.72, 99.72)",3
N8-K2V2-V62_1M,recurrent_baselines,mamba2,-1,16.0,ck4,-1,,0.001,98.38,1.43,"(99.12, 99.64, 96.38)",3
N8-K2V2-V62_1M,recurrent_baselines,mamba2,-1,16.0,noconv,-1,,0.0003,88.61,7.43,"(85.84, 98.78, 81.22)",3
N8-K2V2-V62_1M,recurrent_baselines,mamba2,-1,32.0,ck2,-1,,0.001,98.06,2.28,"(99.8, 99.54, 94.84)",3
N8-K2V2-V62_1M,recurrent_baselines,mamba2,-1,32.0,ck4,-1,,0.001,98.97,1.03,"(99.64, 99.76, 97.52)",3
N8-K2V2-V62_1M,rmmv5p2,llama,0,32.0,ck4,1,,0.0001,5.52,0.0,"(5.52,)",1
N8-K2V2-V62_1M,rmmv5p2,llama,1,32.0,ck4,1,,0.0003,15.05,12.15,"(27.2, 2.9)",2
N8-K2V2-V62_1M,rmmv5p2,llama,8,32.0,ck4,1,,0.0001,9.59,0.35,"(9.24, 9.94)",2
N8-K2V2-V62_1M,rmmv5p2,llama,8,32.0,ck4,4,,0.0001,77.88,0.0,"(77.88,)",1
N8-K2V2-V62_1M,rmmv5p4,llama,0,32.0,ck4,1,,0.001,9.54,0.94,"(10.48, 8.6)",2
N8-K2V2-V62_1M,rmmv5p4,llama,1,16.0,ck4,4,,0.0003,95.58,0.0,"(95.58,)",1
N8-K2V2-V62_1M,rmmv5p4,llama,1,16.0,ck4,8,,0.0003,10.44,0.0,"(10.44,)",1
N8-K2V2-V62_1M,rmmv5p4,llama,1,32.0,ck2,4,,0.0001,99.0,0.0,"(99.0,)",1
N8-K2V2-V62_1M,rmmv5p4,llama,1,32.0,ck2,8,,0.0001,85.94,0.0,"(85.94,)",1
N8-K2V2-V62_1M,rmmv5p4,llama,1,32.0,ck4,1,,0.0003,11.17,0.09,"(11.08, 11.26)",2
N8-K2V2-V62_1M,rmmv5p4,llama,1,32.0,ck4,2,,0.0001,69.97,12.25,"(57.72, 82.22)",2
N8-K2V2-V62_1M,rmmv5p4,llama,1,32.0,ck4,4,,0.0001,97.88,0.0,"(97.88,)",1
N8-K2V2-V62_1M,rmmv5p4,llama,1,32.0,ck4,8,,0.0003,98.94,0.0,"(98.94,)",1
N8-K2V2-V62_1M,rmmv5p4,llama,4,32.0,ck4,2,,0.0001,43.5,0.0,"(43.5,)",1
N8-K2V2-V62_1M,segment_baselines,llama,1,,N/A,1,32.0,0.0001,99.07,0.01,"(99.08, 99.06)",2
N8-K2V2-V62_1M,segment_baselines,llama,1,,N/A,1,,0.0003,28.03,2.27,"(30.3, 25.76)",2
N8-K2V2-V62_1M,segment_baselines,llama,1,,N/A,4,32.0,0.0003,99.17,0.13,"(99.04, 99.3)",2
N8-K2V2-V62_1M,segment_baselines,llama,1,,N/A,8,32.0,0.0001,99.08,0.02,"(99.1, 99.06)",2
N8-K2V2-V62_1M,segment_baselines,llama,1,,N/A,8,,0.0003,55.24,42.5,"(97.74, 12.74)",2
N8-K2V2-V62_1M,segment_baselines,llama,2,,N/A,1,32.0,0.0001,99.15,0.09,"(99.06, 99.24)",2
N8-K2V2-V62_1M,segment_baselines,llama,2,,N/A,8,32.0,0.0001,99.23,0.03,"(99.26, 99.2)",2
N8-K2V2-V62_1M,segment_baselines,llama,8,,N/A,1,32.0,0.0001,6.85,0.13,"(6.72, 6.98)",2
N8-K2V2-V62_1M,segment_baselines,llama,8,,N/A,8,32.0,0.0001,36.1,33.16,"(2.94, 69.26)",2
