task_name,folder_tag,base_model,n_layer,n_head,n_embd,state_size,conv_type,num_memory_vectors,read_mode,write_config,pairs_per_segment,learning_rate,avg_em,std_em,all_ems,n_runs
N16-K2V2-V62_1M,conv_study,gated_delta_net,4,4,128,16.0,N/A,-1,N/A,N/A,-1,0.001,0.6,0.77,"(1.68, 0.12, 0.0)",3
N16-K2V2-V62_1M,recurrent_baselines,gated_delta_net,1,1,64,4.0,ck2,-1,N/A,N/A,-1,0.001,0.74,0.35,"(0.46, 0.52, 1.24)",3
N16-K2V2-V62_1M,recurrent_baselines,gated_delta_net,1,1,64,4.0,ck4,-1,N/A,N/A,-1,0.001,0.55,0.23,"(0.32, 0.78)",2
N16-K2V2-V62_1M,recurrent_baselines,gated_delta_net,4,1,128,16.0,ck2,-1,N/A,N/A,-1,0.001,56.03,17.38,"(70.0, 66.56, 31.54)",3
N16-K2V2-V62_1M,recurrent_baselines,gated_delta_net,4,1,128,16.0,ck4,-1,N/A,N/A,-1,0.001,61.6,38.64,"(83.48, 94.02, 7.3)",3
N16-K2V2-V62_1M,recurrent_baselines,gated_delta_net,4,4,128,16.0,noconv,-1,N/A,N/A,-1,0.0003,2.77,2.0,"(1.42, 1.3, 5.6)",3
N16-K2V2-V62_1M,recurrent_baselines,gated_delta_net,4,4,128,16.0,noconv,-1,N/A,N/A,-1,0.001,0.17,0.21,"(0.02, 0.46, 0.02)",3
N16-K2V2-V62_1M,recurrent_baselines,mamba,4,1,128,16.0,ck2,-1,N/A,N/A,-1,0.001,98.69,0.5,"(98.3, 99.4, 98.38)",3
N16-K2V2-V62_1M,recurrent_baselines,mamba,4,1,128,16.0,ck4,-1,N/A,N/A,-1,0.001,98.74,0.78,"(99.1, 97.66, 99.46)",3
N16-K2V2-V62_1M,recurrent_baselines,mamba,4,1,128,32.0,ck4,-1,N/A,N/A,-1,0.0003,55.59,43.99,"(11.6, 99.58)",2
N16-K2V2-V62_1M,recurrent_baselines,mamba,4,1,128,32.0,ck4,-1,N/A,N/A,-1,0.001,55.61,43.81,"(11.8, 99.42)",2
N16-K2V2-V62_1M,recurrent_baselines,mamba,4,4,128,16.0,noconv,-1,N/A,N/A,-1,0.0003,87.44,10.99,"(71.92, 94.42, 95.98)",3
N16-K2V2-V62_1M,recurrent_baselines,mamba,4,4,128,16.0,noconv,-1,N/A,N/A,-1,0.001,0.13,0.07,"(0.06, 0.1, 0.22)",3
N16-K2V2-V62_1M,recurrent_baselines,mamba2,1,1,64,4.0,ck2,-1,N/A,N/A,-1,0.001,4.17,0.72,"(4.16, 5.06, 3.3)",3
N16-K2V2-V62_1M,recurrent_baselines,mamba2,1,1,64,4.0,ck4,-1,N/A,N/A,-1,0.001,23.53,19.67,"(14.2, 5.5, 50.88)",3
N16-K2V2-V62_1M,recurrent_baselines,mamba2,1,1,64,16.0,ck2,-1,N/A,N/A,-1,0.001,5.0,3.38,"(7.24, 7.54, 0.22)",3
N16-K2V2-V62_1M,recurrent_baselines,mamba2,1,1,64,16.0,ck4,-1,N/A,N/A,-1,0.001,65.98,41.62,"(7.12, 95.14, 95.68)",3
N16-K2V2-V62_1M,recurrent_baselines,mamba2,1,1,64,32.0,ck2,-1,N/A,N/A,-1,0.001,6.66,0.5,"(6.22, 6.4, 7.36)",3
N16-K2V2-V62_1M,recurrent_baselines,mamba2,1,1,64,32.0,ck4,-1,N/A,N/A,-1,0.001,7.12,0.29,"(7.46, 6.76, 7.14)",3
N16-K2V2-V62_1M,recurrent_baselines,mamba2,1,1,128,4.0,ck2,-1,N/A,N/A,-1,0.001,5.65,0.72,"(4.66, 5.9, 6.38)",3
N16-K2V2-V62_1M,recurrent_baselines,mamba2,1,1,128,4.0,ck4,-1,N/A,N/A,-1,0.001,29.04,18.54,"(6.56, 51.96, 28.6)",3
N16-K2V2-V62_1M,recurrent_baselines,mamba2,1,1,128,16.0,ck2,-1,N/A,N/A,-1,0.001,6.54,0.5,"(5.86, 6.7, 7.06)",3
N16-K2V2-V62_1M,recurrent_baselines,mamba2,1,1,128,16.0,ck4,-1,N/A,N/A,-1,0.001,90.85,7.7,"(96.46, 96.14, 79.96)",3
N16-K2V2-V62_1M,recurrent_baselines,mamba2,1,1,128,32.0,ck2,-1,N/A,N/A,-1,0.001,6.99,0.27,"(7.3, 7.02, 6.64)",3
N16-K2V2-V62_1M,recurrent_baselines,mamba2,1,1,128,32.0,ck4,-1,N/A,N/A,-1,0.001,64.75,40.96,"(88.16, 98.92, 7.16)",3
N16-K2V2-V62_1M,recurrent_baselines,mamba2,1,1,256,4.0,ck2,-1,N/A,N/A,-1,0.001,6.29,0.2,"(6.44, 6.42, 6.0)",3
N16-K2V2-V62_1M,recurrent_baselines,mamba2,1,1,256,4.0,ck4,-1,N/A,N/A,-1,0.001,63.06,5.58,"(55.48, 64.96, 68.74)",3
N16-K2V2-V62_1M,recurrent_baselines,mamba2,1,1,256,16.0,ck2,-1,N/A,N/A,-1,0.001,6.35,0.63,"(5.5, 7.02, 6.52)",3
N16-K2V2-V62_1M,recurrent_baselines,mamba2,1,1,256,16.0,ck4,-1,N/A,N/A,-1,0.001,97.53,0.87,"(96.3, 98.12, 98.16)",3
N16-K2V2-V62_1M,recurrent_baselines,mamba2,1,1,256,32.0,ck2,-1,N/A,N/A,-1,0.001,6.75,0.06,"(6.66, 6.78, 6.8)",3
N16-K2V2-V62_1M,recurrent_baselines,mamba2,1,1,256,32.0,ck4,-1,N/A,N/A,-1,0.001,98.2,0.88,"(97.22, 98.02, 99.36)",3
N16-K2V2-V62_1M,recurrent_baselines,mamba2,2,1,64,4.0,ck2,-1,N/A,N/A,-1,0.001,4.05,2.13,"(3.44, 6.92, 1.8)",3
N16-K2V2-V62_1M,recurrent_baselines,mamba2,2,1,64,4.0,ck4,-1,N/A,N/A,-1,0.001,21.43,21.97,"(6.32, 52.5, 5.46)",3
N16-K2V2-V62_1M,recurrent_baselines,mamba2,2,1,64,16.0,ck2,-1,N/A,N/A,-1,0.001,33.85,5.9,"(36.66, 39.24, 25.64)",3
N16-K2V2-V62_1M,recurrent_baselines,mamba2,2,1,64,16.0,ck4,-1,N/A,N/A,-1,0.001,66.45,41.94,"(7.2, 93.68, 98.46)",3
N16-K2V2-V62_1M,recurrent_baselines,mamba2,2,1,64,32.0,ck2,-1,N/A,N/A,-1,0.001,47.13,11.75,"(63.74, 39.26, 38.4)",3
N16-K2V2-V62_1M,recurrent_baselines,mamba2,2,1,64,32.0,ck4,-1,N/A,N/A,-1,0.001,98.66,0.23,"(98.48, 98.98, 98.52)",3
N16-K2V2-V62_1M,recurrent_baselines,mamba2,2,1,128,4.0,ck2,-1,N/A,N/A,-1,0.001,24.28,26.18,"(5.88, 5.66, 61.3)",3
N16-K2V2-V62_1M,recurrent_baselines,mamba2,2,1,128,4.0,ck4,-1,N/A,N/A,-1,0.001,72.57,4.46,"(78.84, 70.02, 68.84)",3
N16-K2V2-V62_1M,recurrent_baselines,mamba2,2,1,128,16.0,ck2,-1,N/A,N/A,-1,0.001,59.06,17.26,"(34.96, 74.46, 67.76)",3
N16-K2V2-V62_1M,recurrent_baselines,mamba2,2,1,128,16.0,ck4,-1,N/A,N/A,-1,0.001,64.48,40.85,"(6.76, 91.3, 95.38)",3
N16-K2V2-V62_1M,recurrent_baselines,mamba2,2,1,128,32.0,ck2,-1,N/A,N/A,-1,0.001,52.74,3.36,"(48.46, 56.66, 53.1)",3
N16-K2V2-V62_1M,recurrent_baselines,mamba2,2,1,128,32.0,ck4,-1,N/A,N/A,-1,0.001,66.66,42.35,"(6.88, 99.7, 93.4)",3
N16-K2V2-V62_1M,recurrent_baselines,mamba2,2,1,256,4.0,ck2,-1,N/A,N/A,-1,0.001,6.23,0.14,"(6.04, 6.38, 6.28)",3
N16-K2V2-V62_1M,recurrent_baselines,mamba2,2,1,256,4.0,ck4,-1,N/A,N/A,-1,0.001,91.25,3.25,"(92.24, 86.86, 94.64)",3
N16-K2V2-V62_1M,recurrent_baselines,mamba2,2,1,256,16.0,ck2,-1,N/A,N/A,-1,0.001,12.36,8.32,"(6.66, 24.12, 6.3)",3
N16-K2V2-V62_1M,recurrent_baselines,mamba2,2,1,256,16.0,ck4,-1,N/A,N/A,-1,0.001,98.04,1.69,"(99.38, 99.08, 95.66)",3
N16-K2V2-V62_1M,recurrent_baselines,mamba2,2,1,256,32.0,ck2,-1,N/A,N/A,-1,0.001,84.65,6.36,"(89.34, 88.94, 75.66)",3
N16-K2V2-V62_1M,recurrent_baselines,mamba2,2,1,256,32.0,ck4,-1,N/A,N/A,-1,0.001,99.81,0.11,"(99.9, 99.88, 99.66)",3
N16-K2V2-V62_1M,recurrent_baselines,mamba2,4,1,64,4.0,ck2,-1,N/A,N/A,-1,0.001,48.44,26.19,"(58.28, 74.44, 12.6)",3
N16-K2V2-V62_1M,recurrent_baselines,mamba2,4,1,64,4.0,ck4,-1,N/A,N/A,-1,0.001,14.39,14.76,"(1.64, 35.08, 6.44)",3
N16-K2V2-V62_1M,recurrent_baselines,mamba2,4,1,64,16.0,ck2,-1,N/A,N/A,-1,0.001,0.05,0.03,"(0.08, 0.02)",2
N16-K2V2-V62_1M,recurrent_baselines,mamba2,4,1,128,16.0,ck2,-1,N/A,N/A,-1,0.001,83.07,6.05,"(88.1, 86.56, 74.56)",3
N16-K2V2-V62_1M,recurrent_baselines,mamba2,4,1,128,16.0,ck4,-1,N/A,N/A,-1,0.001,68.39,43.5,"(6.88, 99.1, 99.2)",3
N16-K2V2-V62_1M,recurrent_baselines,mamba2,4,1,128,32.0,ck4,-1,N/A,N/A,-1,0.0003,99.67,0.23,"(99.9, 99.44)",2
N16-K2V2-V62_1M,recurrent_baselines,mamba2,4,1,128,32.0,ck4,-1,N/A,N/A,-1,0.001,94.0,4.78,"(89.22, 98.78)",2
N16-K2V2-V62_1M,recurrent_baselines,mamba2,4,4,128,16.0,noconv,-1,N/A,N/A,-1,0.0003,36.96,41.44,"(7.46, 7.86, 95.56)",3
N16-K2V2-V62_1M,recurrent_baselines,mamba2,4,4,128,16.0,noconv,-1,N/A,N/A,-1,0.001,6.94,0.2,"(6.86, 6.74, 7.22)",3
N16-K2V2-V62_1M,rmmv5p2,llama,4,4,128,32.0,ck4,1,unpool,pool,1,0.0001,0.79,0.01,"(0.8, 0.78)",2
N16-K2V2-V62_1M,rmmv5p2,llama,4,4,128,32.0,ck4,1,unpool,pool,1,0.0003,0.82,0.22,"(1.04, 0.6)",2
N16-K2V2-V62_1M,rmmv5p2,llama,4,4,128,32.0,ck4,1,unpool,pool,16,0.0001,1.19,0.05,"(1.14, 1.24)",2
N16-K2V2-V62_1M,rmmv5p2,llama,4,4,128,32.0,ck4,1,unpool,pool,16,0.0003,0.89,0.05,"(0.94, 0.84)",2
N16-K2V2-V62_1M,rmmv5p2,llama,4,4,128,32.0,ck4,4,unpool,pool,16,0.0001,1.52,0.0,"(1.52,)",1
N16-K2V2-V62_1M,rmmv5p2,llama,4,4,128,32.0,ck4,4,unpool,pool,16,0.0003,1.32,0.0,"(1.32,)",1
N16-K2V2-V62_1M,rmmv5p4,llama,4,1,128,32.0,ck4,1,unpool,pool,1,0.0003,0.2,0.16,"(0.04, 0.36)",2
N16-K2V2-V62_1M,rmmv5p4,llama,4,1,128,32.0,ck4,2,unpool,pool,1,0.0003,0.12,0.0,"(0.12, 0.12)",2
N16-K2V2-V62_1M,rmmv5p4,llama,4,1,128,32.0,ck4,4,identity,identity,16,0.0001,52.75,45.87,"(6.88, 98.62)",2
N16-K2V2-V62_1M,rmmv5p4,llama,4,1,128,32.0,ck4,4,identity,identity,16,0.0003,98.79,0.35,"(99.14, 98.44)",2
N16-K2V2-V62_1M,rmmv5p4,llama,4,1,128,32.0,ck4,8,unpool,pool,1,0.0001,37.26,15.78,"(21.48, 53.04)",2
N16-K2V2-V62_1M,rmmv5p4,llama,4,1,128,32.0,ck4,8,unpool,pool,2,0.0001,26.18,23.68,"(2.5, 49.86)",2
N16-K2V2-V62_1M,rmmv5p4,llama,4,1,128,32.0,ck4,8,unpool,pool,4,0.0001,2.59,1.97,"(4.56, 0.62)",2
N16-K2V2-V62_1M,rmmv5p4,llama,4,1,128,32.0,ck4,32,unpool,pool,1,0.0001,6.43,0.37,"(6.06, 6.8)",2
N16-K2V2-V62_1M,rmmv5p4,llama,4,1,128,32.0,ck4,32,unpool,pool,2,0.0001,4.24,1.02,"(3.22, 5.26)",2
N16-K2V2-V62_1M,rmmv5p4,llama,4,1,128,32.0,ck4,32,unpool,pool,4,0.0001,2.73,2.09,"(4.82, 0.64)",2
N16-K2V2-V62_1M,rmmv5p4,llama,4,4,128,32.0,ck4,4,identity,identity,16,5e-05,74.0,5.64,"(68.36, 79.64)",2
N16-K2V2-V62_1M,rmmv5p4,llama,4,4,128,32.0,ck4,4,identity,identity,16,0.0001,68.33,12.67,"(81.0, 55.66)",2
N16-K2V2-V62_1M,rmmv5p4,llama,4,4,128,32.0,ck4,4,identity,identity,16,0.0003,48.23,41.47,"(89.7, 6.76)",2
N16-K2V2-V62_1M,rmmv5p4,llama,4,4,128,32.0,ck4,4,identity,identity,16,0.001,2.14,1.8,"(0.34, 3.94)",2
N16-K2V2-V62_1M,rmmv5p4,llama,4,4,128,32.0,ck4,4,unpool,pool,1,0.0001,5.41,0.33,"(5.08, 5.74)",2
N16-K2V2-V62_1M,rmmv5p4,llama,4,4,128,32.0,ck4,4,unpool,pool,1,0.0003,1.83,1.75,"(3.58, 0.08)",2
N16-K2V2-V62_1M,rmmv5p4,llama,4,4,128,32.0,ck4,4,unpool,pool,1,0.001,0.02,0.02,"(0.0, 0.04)",2
N16-K2V2-V62_1M,rmmv5p4,llama,4,4,128,32.0,ck4,8,unpool,pool,1,0.0001,9.23,7.63,"(16.86, 1.6)",2
N16-K2V2-V62_1M,rmmv5p4,llama,4,4,128,32.0,ck4,8,unpool,pool,1,0.0003,0.24,0.0,"(0.24,)",1
N16-K2V2-V62_1M,rmmv5p4,llama,4,4,128,32.0,ck4,8,unpool,pool,1,0.001,0.01,0.01,"(0.0, 0.02)",2
N16-K2V2-V62_1M,rmmv5p4,llama,4,4,128,32.0,ck4,16,unpool,pool,2,0.0001,3.65,0.63,"(4.28, 3.02)",2
N16-K2V2-V62_1M,rmmv5p4,llama,4,4,128,32.0,ck4,16,unpool,pool,2,0.0003,5.54,0.26,"(5.8, 5.28)",2
N16-K2V2-V62_1M,rmmv5p4,llama,4,4,128,32.0,ck4,16,unpool,pool,4,0.0001,4.49,0.03,"(4.52, 4.46)",2
N16-K2V2-V62_1M,rmmv5p4,llama,4,4,128,32.0,ck4,16,unpool,pool,4,0.0003,4.83,0.07,"(4.76, 4.9)",2
N16-K2V2-V62_1M,rmmv5p4,llama,4,4,128,32.0,ck4,32,unpool,pool,1,0.0001,8.5,4.4,"(4.1, 12.9)",2
N16-K2V2-V62_1M,rmmv5p4,llama,4,4,128,32.0,ck4,32,unpool,pool,1,0.0003,3.11,3.03,"(0.08, 6.14)",2
N16-K2V2-V62_1M,rmmv5p4,llama,4,4,128,32.0,ck4,32,unpool,pool,2,0.0001,30.86,25.76,"(5.1, 56.62)",2
N16-K2V2-V62_1M,rmmv5p4,llama,4,4,128,32.0,ck4,32,unpool,pool,2,0.0003,5.76,1.32,"(4.44, 7.08)",2
N16-K2V2-V62_1M,rmmv5p4,llama,4,4,128,32.0,ck4,32,unpool,pool,4,0.0001,3.36,1.3,"(4.66, 2.06)",2
N16-K2V2-V62_1M,rmmv5p4,llama,4,4,128,32.0,ck4,32,unpool,pool,4,0.0003,3.2,1.7,"(1.5, 4.9)",2
N16-K2V2-V62_1M,rmmv5p4,llama,4,4,128,32.0,ck4,64,unpool,pool,1,0.0001,2.78,2.34,"(0.44, 5.12)",2
N16-K2V2-V62_1M,rmmv5p4,llama,4,4,128,32.0,ck4,64,unpool,pool,1,0.0003,0.5,0.34,"(0.84, 0.16)",2
N16-K2V2-V62_1M,rmmv5p7,llama,4,1,128,16.0,ck4,4,identity,identity,16,0.0001,93.54,4.72,"(98.26, 88.82)",2
N16-K2V2-V62_1M,rmmv5p7,llama,4,1,128,16.0,ck4,4,identity,identity,16,0.0003,0.56,0.0,"(0.56,)",1
N16-K2V2-V62_1M,rmmv5p7,llama,4,1,128,32.0,ck4,4,identity,identity,16,0.0001,98.49,0.53,"(97.96, 99.02)",2
N16-K2V2-V62_1M,rmmv5p7,llama,4,1,128,32.0,ck4,4,identity,identity,16,0.0003,88.96,6.48,"(82.48, 95.44)",2
N16-K2V2-V62_1M,rmmv5p7,llama,4,1,128,32.0,ck4,4,identity,identity,16,0.001,98.98,0.04,"(98.94, 99.02)",2
N16-K2V2-V62_1M,rmmv5p7,llama,4,4,128,32.0,ck4,4,identity,identity,16,0.0001,43.89,37.53,"(81.42, 6.36)",2
N16-K2V2-V62_1M,rmmv5p7,llama,4,4,128,32.0,ck4,4,identity,identity,16,0.0003,44.13,37.49,"(6.64, 81.62)",2
N16-K2V2-V62_1M,rmmv5p7,llama,4,4,128,32.0,ck4,4,identity,identity,16,0.001,0.22,0.0,"(0.22,)",1
N16-K2V2-V62_1M,segment_baselines,llama,4,4,128,,N/A,1,N/A,N/A,1,0.0001,37.22,40.36,"(47.48, 99.0, 1.2, 1.2)",4
N16-K2V2-V62_1M,segment_baselines,llama,4,4,128,,N/A,1,N/A,N/A,1,0.0003,26.57,42.08,"(99.3, 6.86, 0.08, 0.04)",4
N16-K2V2-V62_1M,segment_baselines,llama,4,4,128,,N/A,1,N/A,N/A,2,0.0001,38.96,14.5,"(24.46, 53.46)",2
N16-K2V2-V62_1M,segment_baselines,llama,4,4,128,,N/A,1,N/A,N/A,2,0.0003,0.07,0.01,"(0.08, 0.06)",2
N16-K2V2-V62_1M,segment_baselines,llama,4,4,128,,N/A,1,N/A,N/A,16,0.0001,1.0,0.2,"(1.2, 0.8)",2
N16-K2V2-V62_1M,segment_baselines,llama,4,4,128,,N/A,1,N/A,N/A,16,0.0003,0.42,0.06,"(0.36, 0.48)",2
N16-K2V2-V62_1M,segment_baselines,llama,4,4,128,,N/A,4,N/A,N/A,1,0.0001,99.14,0.0,"(99.14,)",1
N16-K2V2-V62_1M,segment_baselines,llama,4,4,128,,N/A,4,N/A,N/A,1,0.0003,49.71,49.55,"(99.26, 0.16)",2
N16-K2V2-V62_1M,segment_baselines,llama,4,4,128,,N/A,8,N/A,N/A,1,0.0001,50.32,48.78,"(99.1, 99.08, 1.44, 1.64)",4
N16-K2V2-V62_1M,segment_baselines,llama,4,4,128,,N/A,8,N/A,N/A,1,0.0003,49.54,49.48,"(99.02, 99.02, 0.08, 0.04)",4
N16-K2V2-V62_1M,segment_baselines,llama,4,4,128,,N/A,8,N/A,N/A,2,0.0001,99.04,0.02,"(99.06, 99.02)",2
N16-K2V2-V62_1M,segment_baselines,llama,4,4,128,,N/A,8,N/A,N/A,2,0.0003,3.49,3.33,"(6.82, 0.16)",2
N16-K2V2-V62_1M,segment_baselines,llama,4,4,128,,N/A,8,N/A,N/A,16,0.0001,1.36,0.0,"(1.36,)",1
N16-K2V2-V62_1M,segment_baselines,llama,4,4,128,,N/A,8,N/A,N/A,16,0.0003,1.2,0.02,"(1.22, 1.18)",2
N2-K2V2-V62_1M,recurrent_baselines,gated_delta_net,4,4,128,16.0,noconv,-1,N/A,N/A,-1,0.0003,99.98,0.02,"(99.96, 99.98, 100.0)",3
N2-K2V2-V62_1M,recurrent_baselines,gated_delta_net,4,4,128,16.0,noconv,-1,N/A,N/A,-1,0.001,99.07,0.69,"(99.02, 98.24, 99.94)",3
N2-K2V2-V62_1M,recurrent_baselines,mamba,4,4,128,16.0,noconv,-1,N/A,N/A,-1,0.0003,99.89,0.08,"(99.82, 99.86, 100.0)",3
N2-K2V2-V62_1M,recurrent_baselines,mamba,4,4,128,16.0,noconv,-1,N/A,N/A,-1,0.001,99.91,0.09,"(99.78, 99.94, 100.0)",3
N2-K2V2-V62_1M,recurrent_baselines,mamba2,4,4,128,16.0,noconv,-1,N/A,N/A,-1,0.0003,99.61,0.29,"(99.24, 99.94, 99.66)",3
N2-K2V2-V62_1M,recurrent_baselines,mamba2,4,4,128,16.0,noconv,-1,N/A,N/A,-1,0.001,99.79,0.07,"(99.88, 99.74, 99.74)",3
N2-K2V2-V62_1M,rmmv5,llama,4,4,128,32.0,ck4,1,unpool,pool,0,5e-05,97.12,0.0,"(97.12,)",1
N2-K2V2-V62_1M,rmmv5,llama,4,4,128,32.0,ck4,1,unpool,pool,0,0.0001,94.8,0.0,"(94.8,)",1
N2-K2V2-V62_1M,rmmv5,llama,4,4,128,32.0,ck4,1,unpool,pool,0,0.0003,95.5,0.92,"(96.42, 94.58)",2
N2-K2V2-V62_1M,rmmv5p,llama,4,4,128,32.0,ck4,1,unpool,pool,0,5e-05,27.7,0.0,"(27.7,)",1
N2-K2V2-V62_1M,rmmv5p,llama,4,4,128,32.0,ck4,1,unpool,pool,0,0.0001,99.0,0.0,"(99.0,)",1
N2-K2V2-V62_1M,rmmv5p,llama,4,4,128,32.0,ck4,1,unpool,pool,0,0.0003,98.46,0.0,"(98.46,)",1
N2-K2V2-V62_1M,rmmv5p1,llama,4,4,128,32.0,ck4,1,unpool,pool,1,5e-05,99.16,0.12,"(99.04, 99.28)",2
N2-K2V2-V62_1M,rmmv5p1,llama,4,4,128,32.0,ck4,1,unpool,pool,1,0.0001,99.14,0.08,"(99.06, 99.22)",2
N2-K2V2-V62_1M,rmmv5p1,llama,4,4,128,32.0,ck4,1,unpool,pool,1,0.0003,99.28,0.18,"(99.46, 99.1)",2
N2-K2V2-V62_1M,rmmv5p1,llama,4,4,128,32.0,ck4,2,unpool,pool,0,5e-05,99.08,0.02,"(99.1, 99.06)",2
N2-K2V2-V62_1M,rmmv5p1,llama,4,4,128,32.0,ck4,2,unpool,pool,0,0.0001,99.02,0.02,"(99.04, 99.0)",2
N2-K2V2-V62_1M,rmmv5p1,llama,4,4,128,32.0,ck4,2,unpool,pool,0,0.0003,74.71,22.21,"(52.5, 96.92)",2
N2-K2V2-V62_1M,rmmv5p1,llama,4,4,128,32.0,ck4,2,unpool,pool,1,5e-05,99.11,0.01,"(99.1, 99.12)",2
N2-K2V2-V62_1M,rmmv5p1,llama,4,4,128,32.0,ck4,2,unpool,pool,1,0.0001,99.33,0.33,"(99.0, 99.66)",2
N2-K2V2-V62_1M,rmmv5p1,llama,4,4,128,32.0,ck4,2,unpool,pool,1,0.0003,93.52,5.82,"(99.34, 87.7)",2
N2-K2V2-V62_1M,rmmv5p1,llama,4,4,128,32.0,ck4,4,unpool,pool,1,5e-05,99.14,0.14,"(99.28, 99.0)",2
N2-K2V2-V62_1M,rmmv5p1,llama,4,4,128,32.0,ck4,4,unpool,pool,1,0.0001,99.24,0.0,"(99.24, 99.24)",2
N2-K2V2-V62_1M,rmmv5p1,llama,4,4,128,32.0,ck4,4,unpool,pool,1,0.0003,97.09,2.45,"(94.64, 99.54)",2
N2-K2V2-V62_1M,rmmv5p2,llama,4,4,128,32.0,ck4,1,unpool,pool,1,5e-05,99.02,0.02,"(99.0, 99.04)",2
N2-K2V2-V62_1M,rmmv5p2,llama,4,4,128,32.0,ck4,1,unpool,pool,1,0.0001,99.05,0.05,"(99.1, 99.0)",2
N2-K2V2-V62_1M,rmmv5p2,llama,4,4,128,32.0,ck4,1,unpool,pool,1,0.0003,74.96,22.62,"(52.34, 97.58)",2
N2-K2V2-V62_1M,rmmv5p2,llama,4,4,128,32.0,ck4,2,unpool,pool,1,5e-05,99.03,0.01,"(99.02, 99.04)",2
N2-K2V2-V62_1M,rmmv5p2,llama,4,4,128,32.0,ck4,2,unpool,pool,1,0.0001,99.17,0.05,"(99.12, 99.22)",2
N2-K2V2-V62_1M,rmmv5p2,llama,4,4,128,32.0,ck4,2,unpool,pool,1,0.0003,99.16,0.08,"(99.08, 99.24)",2
N2-K2V2-V62_1M,rmmv5p2,llama,4,4,128,32.0,ck4,4,unpool,pool,1,5e-05,99.33,0.31,"(99.64, 99.02)",2
N2-K2V2-V62_1M,rmmv5p2,llama,4,4,128,32.0,ck4,4,unpool,pool,1,0.0001,99.28,0.08,"(99.2, 99.36)",2
N2-K2V2-V62_1M,rmmv5p2,llama,4,4,128,32.0,ck4,4,unpool,pool,1,0.0003,99.37,0.07,"(99.3, 99.44)",2
N2-K2V2-V62_1M,rmmv5p2-sw,llama,4,4,128,32.0,ck4,2,unpool,pool,1,5e-05,99.11,0.05,"(99.06, 99.16)",2
N2-K2V2-V62_1M,rmmv5p2-sw,llama,4,4,128,32.0,ck4,2,unpool,pool,1,0.0001,99.03,0.01,"(99.04, 99.02)",2
N2-K2V2-V62_1M,rmmv5p2-sw,llama,4,4,128,32.0,ck4,2,unpool,pool,1,0.0003,99.13,0.13,"(99.0, 99.26)",2
N2-K2V2-V62_1M,segment_baselines,llama,4,4,128,,N/A,1,N/A,N/A,1,0.0001,99.21,0.19,"(99.44, 99.36, 99.04, 99.0)",4
N2-K2V2-V62_1M,segment_baselines,llama,4,4,128,,N/A,1,N/A,N/A,1,0.0003,99.12,0.11,"(99.1, 99.06, 99.0, 99.3)",4
N2-K2V2-V62_1M,segment_baselines,llama,4,4,128,,N/A,1,N/A,N/A,4,0.0001,51.62,0.0,"(51.62,)",1
N2-K2V2-V62_1M,segment_baselines,llama,4,4,128,,N/A,1,N/A,N/A,4,0.0003,51.79,0.17,"(51.62, 51.96)",2
N2-K2V2-V62_1M,segment_baselines,llama,4,4,128,,N/A,2,N/A,N/A,1,0.0001,99.17,0.21,"(99.46, 99.08, 99.24, 98.9)",4
N2-K2V2-V62_1M,segment_baselines,llama,4,4,128,,N/A,2,N/A,N/A,1,0.0003,90.08,15.94,"(99.5, 99.06, 62.48, 99.28)",4
N2-K2V2-V62_1M,segment_baselines,llama,4,4,128,,N/A,4,N/A,N/A,1,0.0001,99.15,0.1,"(99.24, 99.24, 99.0, 99.12)",4
N2-K2V2-V62_1M,segment_baselines,llama,4,4,128,,N/A,4,N/A,N/A,1,0.0003,87.34,20.4,"(99.1, 99.22, 99.04, 52.0)",4
N2-K2V2-V62_1M,segment_baselines,llama,4,4,128,,N/A,8,N/A,N/A,1,0.0001,99.14,0.11,"(99.18, 99.1, 99.3, 99.0)",4
N2-K2V2-V62_1M,segment_baselines,llama,4,4,128,,N/A,8,N/A,N/A,1,0.0003,99.1,0.06,"(99.12, 99.18, 99.06, 99.02)",4
N32-K2V2-V62_1M,recurrent_baselines,gated_delta_net,4,1,128,16.0,ck2,-1,N/A,N/A,-1,0.001,1.17,1.54,"(3.34, 0.14, 0.02)",3
N32-K2V2-V62_1M,recurrent_baselines,gated_delta_net,4,1,128,16.0,ck4,-1,N/A,N/A,-1,0.001,2.78,0.65,"(3.18, 1.86, 3.3)",3
N32-K2V2-V62_1M,recurrent_baselines,gated_delta_net,4,4,128,16.0,noconv,-1,N/A,N/A,-1,0.0003,0.53,0.6,"(0.08, 1.38, 0.14)",3
N32-K2V2-V62_1M,recurrent_baselines,gated_delta_net,4,4,128,16.0,noconv,-1,N/A,N/A,-1,0.001,0.02,0.0,"(0.02, 0.02, 0.02)",3
N32-K2V2-V62_1M,recurrent_baselines,mamba,4,1,128,16.0,ck2,-1,N/A,N/A,-1,0.001,0.23,0.28,"(0.04, 0.02, 0.62)",3
N32-K2V2-V62_1M,recurrent_baselines,mamba,4,1,128,16.0,ck4,-1,N/A,N/A,-1,0.001,0.16,0.18,"(0.04, 0.42, 0.02)",3
N32-K2V2-V62_1M,recurrent_baselines,mamba,4,1,128,32.0,ck4,-1,N/A,N/A,-1,0.0003,55.1,38.94,"(16.16, 94.04)",2
N32-K2V2-V62_1M,recurrent_baselines,mamba,4,1,128,32.0,ck4,-1,N/A,N/A,-1,0.001,49.35,49.35,"(98.7, 0.0)",2
N32-K2V2-V62_1M,recurrent_baselines,mamba,4,4,128,16.0,noconv,-1,N/A,N/A,-1,0.0003,1.2,1.61,"(0.06, 3.48, 0.06)",3
N32-K2V2-V62_1M,recurrent_baselines,mamba,4,4,128,16.0,noconv,-1,N/A,N/A,-1,0.001,0.02,0.0,"(0.02, 0.02, 0.02)",3
N32-K2V2-V62_1M,recurrent_baselines,mamba2,4,1,128,16.0,ck2,-1,N/A,N/A,-1,0.001,51.71,35.88,"(87.06, 2.5, 65.56)",3
N32-K2V2-V62_1M,recurrent_baselines,mamba2,4,1,128,16.0,ck4,-1,N/A,N/A,-1,0.001,89.96,2.06,"(90.32, 92.28, 87.28)",3
N32-K2V2-V62_1M,recurrent_baselines,mamba2,4,1,128,32.0,ck4,-1,N/A,N/A,-1,0.0003,20.18,8.02,"(28.2, 12.16)",2
N32-K2V2-V62_1M,recurrent_baselines,mamba2,4,1,128,32.0,ck4,-1,N/A,N/A,-1,0.001,97.9,0.1,"(97.8, 98.0)",2
N32-K2V2-V62_1M,recurrent_baselines,mamba2,4,4,128,16.0,noconv,-1,N/A,N/A,-1,0.0003,70.88,12.08,"(87.44, 58.96, 66.24)",3
N32-K2V2-V62_1M,recurrent_baselines,mamba2,4,4,128,16.0,noconv,-1,N/A,N/A,-1,0.001,1.84,1.29,"(0.9, 3.66, 0.96)",3
N32-K2V2-V62_1M,rmmv5p2,llama,4,4,128,32.0,ck4,1,unpool,pool,1,0.0001,0.18,0.04,"(0.14, 0.22)",2
N32-K2V2-V62_1M,rmmv5p2,llama,4,4,128,32.0,ck4,1,unpool,pool,1,0.0003,0.05,0.01,"(0.06, 0.04)",2
N32-K2V2-V62_1M,rmmv5p2,llama,4,4,128,32.0,ck4,1,unpool,pool,32,0.0001,0.58,0.06,"(0.64, 0.52)",2
N32-K2V2-V62_1M,rmmv5p2,llama,4,4,128,32.0,ck4,1,unpool,pool,32,0.0003,0.33,0.05,"(0.28, 0.38)",2
N32-K2V2-V62_1M,rmmv5p2,llama,4,4,128,32.0,ck4,4,unpool,pool,32,0.0001,0.32,0.0,"(0.32,)",1
N32-K2V2-V62_1M,rmmv5p2,llama,4,4,128,32.0,ck4,4,unpool,pool,32,0.0003,0.36,0.0,"(0.36,)",1
N32-K2V2-V62_1M,segment_baselines,llama,4,4,128,,N/A,1,N/A,N/A,1,0.0001,51.32,47.68,"(99.0, 3.64)",2
N32-K2V2-V62_1M,segment_baselines,llama,4,4,128,,N/A,1,N/A,N/A,1,0.0003,0.03,0.01,"(0.04, 0.02)",2
N32-K2V2-V62_1M,segment_baselines,llama,4,4,128,,N/A,1,N/A,N/A,2,0.0001,0.06,0.02,"(0.04, 0.08)",2
N32-K2V2-V62_1M,segment_baselines,llama,4,4,128,,N/A,1,N/A,N/A,2,0.0003,0.03,0.01,"(0.02, 0.04)",2
N32-K2V2-V62_1M,segment_baselines,llama,4,4,128,,N/A,8,N/A,N/A,1,0.0001,99.14,0.0,"(99.14,)",1
N32-K2V2-V62_1M,segment_baselines,llama,4,4,128,,N/A,8,N/A,N/A,1,0.0003,0.04,0.0,"(0.04, 0.04)",2
N32-K2V2-V62_1M,segment_baselines,llama,4,4,128,,N/A,8,N/A,N/A,2,0.0001,4.0,0.24,"(3.76, 4.24)",2
N32-K2V2-V62_1M,segment_baselines,llama,4,4,128,,N/A,8,N/A,N/A,2,0.0003,0.05,0.05,"(0.1, 0.0)",2
N4-K2V2-V62_1M,recurrent_baselines,gated_delta_net,4,4,128,16.0,noconv,-1,N/A,N/A,-1,0.0003,25.53,1.06,"(24.68, 24.9, 27.02)",3
N4-K2V2-V62_1M,recurrent_baselines,gated_delta_net,4,4,128,16.0,noconv,-1,N/A,N/A,-1,0.001,45.61,29.07,"(25.1, 86.72, 25.0)",3
N4-K2V2-V62_1M,recurrent_baselines,mamba,4,1,128,32.0,ck4,-1,N/A,N/A,-1,0.0003,99.74,0.26,"(99.48, 100.0)",2
N4-K2V2-V62_1M,recurrent_baselines,mamba,4,1,128,32.0,ck4,-1,N/A,N/A,-1,0.001,99.97,0.01,"(99.98, 99.96)",2
N4-K2V2-V62_1M,recurrent_baselines,mamba,4,4,128,16.0,noconv,-1,N/A,N/A,-1,0.0003,75.77,33.95,"(27.76, 99.8, 99.76)",3
N4-K2V2-V62_1M,recurrent_baselines,mamba,4,4,128,16.0,noconv,-1,N/A,N/A,-1,0.001,95.07,3.12,"(90.96, 98.52, 95.72)",3
N4-K2V2-V62_1M,recurrent_baselines,mamba2,4,1,128,32.0,ck4,-1,N/A,N/A,-1,0.0003,96.42,3.46,"(99.88, 92.96)",2
N4-K2V2-V62_1M,recurrent_baselines,mamba2,4,1,128,32.0,ck4,-1,N/A,N/A,-1,0.001,99.92,0.02,"(99.94, 99.9)",2
N4-K2V2-V62_1M,recurrent_baselines,mamba2,4,4,128,16.0,noconv,-1,N/A,N/A,-1,0.0003,50.97,34.23,"(26.66, 26.86, 99.38)",3
N4-K2V2-V62_1M,recurrent_baselines,mamba2,4,4,128,16.0,noconv,-1,N/A,N/A,-1,0.001,50.77,34.01,"(26.64, 26.8, 98.86)",3
N4-K2V2-V62_1M,rmmv5,llama,4,4,128,16.0,ck4,1,cross_attn,cross_attn,4,0.0001,7.3,0.0,"(7.3,)",1
N4-K2V2-V62_1M,rmmv5,llama,4,4,128,16.0,ck4,1,cross_attn,cross_attn,4,0.0003,6.37,0.61,"(6.98, 5.76)",2
N4-K2V2-V62_1M,rmmv5,llama,4,4,128,16.0,ck4,1,identity,identity,4,0.0001,58.23,31.67,"(89.9, 26.56)",2
N4-K2V2-V62_1M,rmmv5,llama,4,4,128,16.0,ck4,1,identity,identity,4,0.0003,57.85,30.73,"(88.58, 27.12)",2
N4-K2V2-V62_1M,rmmv5,llama,4,4,128,16.0,ck4,1,unpool,pool,4,0.0001,7.24,0.06,"(7.3, 7.18)",2
N4-K2V2-V62_1M,rmmv5,llama,4,4,128,16.0,ck4,1,unpool,pool,4,0.0003,7.48,0.5,"(7.98, 6.98)",2
N4-K2V2-V62_1M,rmmv5,llama,4,4,128,16.0,ck4,4,cross_attn,cross_attn,4,0.0001,89.92,0.0,"(89.92,)",1
N4-K2V2-V62_1M,rmmv5,llama,4,4,128,16.0,ck4,4,cross_attn,cross_attn,4,0.0003,26.3,0.0,"(26.3,)",1
N4-K2V2-V62_1M,rmmv5,llama,4,4,128,16.0,ck4,4,identity,identity,4,0.0001,93.08,0.0,"(93.08,)",1
N4-K2V2-V62_1M,rmmv5,llama,4,4,128,16.0,ck4,4,identity,identity,4,0.0003,95.96,0.0,"(95.96,)",1
N4-K2V2-V62_1M,rmmv5,llama,4,4,128,16.0,ck4,4,unpool,pool,4,0.0001,92.2,0.0,"(92.2,)",1
N4-K2V2-V62_1M,rmmv5,llama,4,4,128,16.0,ck4,4,unpool,pool,4,0.0003,7.32,0.0,"(7.32,)",1
N4-K2V2-V62_1M,rmmv5,llama,4,4,128,32.0,ck4,1,cross_attn,cross_attn,4,0.0001,7.78,0.0,"(7.78,)",1
N4-K2V2-V62_1M,rmmv5,llama,4,4,128,32.0,ck4,1,cross_attn,cross_attn,4,0.0003,12.62,0.0,"(12.62,)",1
N4-K2V2-V62_1M,rmmv5,llama,4,4,128,32.0,ck4,1,identity,identity,4,0.0001,98.98,0.0,"(98.98,)",1
N4-K2V2-V62_1M,rmmv5,llama,4,4,128,32.0,ck4,1,identity,identity,4,0.0003,99.04,0.0,"(99.04,)",1
N4-K2V2-V62_1M,rmmv5,llama,4,4,128,32.0,ck4,1,unpool,pool,1,5e-05,17.76,0.0,"(17.76,)",1
N4-K2V2-V62_1M,rmmv5,llama,4,4,128,32.0,ck4,1,unpool,pool,1,0.0001,53.84,0.0,"(53.84,)",1
N4-K2V2-V62_1M,rmmv5,llama,4,4,128,32.0,ck4,1,unpool,pool,1,0.0003,0.0,0.0,"(0.0,)",1
N4-K2V2-V62_1M,rmmv5,llama,4,4,128,32.0,ck4,1,unpool,pool,4,5e-05,20.26,0.0,"(20.26,)",1
N4-K2V2-V62_1M,rmmv5,llama,4,4,128,32.0,ck4,1,unpool,pool,4,0.0001,15.09,7.93,"(23.02, 7.16)",2
N4-K2V2-V62_1M,rmmv5,llama,4,4,128,32.0,ck4,1,unpool,pool,4,0.0003,10.98,3.66,"(7.32, 14.64)",2
N4-K2V2-V62_1M,rmmv5,llama,4,4,128,32.0,ck4,1,unpool,pool-md256,1,5e-05,0.7,0.0,"(0.7,)",1
N4-K2V2-V62_1M,rmmv5,llama,4,4,128,32.0,ck4,1,unpool,pool-md256,1,0.0001,17.62,0.0,"(17.62,)",1
N4-K2V2-V62_1M,rmmv5,llama,4,4,128,32.0,ck4,1,unpool,pool-md256,1,0.0003,0.2,0.0,"(0.2,)",1
N4-K2V2-V62_1M,rmmv5,llama,4,4,128,32.0,ck4,1,unpool,pool-md256,4,0.0001,43.79,23.93,"(19.86, 67.72)",2
N4-K2V2-V62_1M,rmmv5,llama,4,4,128,32.0,ck4,1,unpool,pool-md256,4,0.0003,44.3,21.98,"(22.32, 66.28)",2
N4-K2V2-V62_1M,rmmv5,llama,4,4,128,32.0,ck4,4,cross_attn,cross_attn,4,0.0001,90.46,0.0,"(90.46,)",1
N4-K2V2-V62_1M,rmmv5,llama,4,4,128,32.0,ck4,4,cross_attn,cross_attn,4,0.0003,10.32,0.0,"(10.32,)",1
N4-K2V2-V62_1M,rmmv5,llama,4,4,128,32.0,ck4,4,identity,identity,4,0.0001,99.16,0.0,"(99.16,)",1
N4-K2V2-V62_1M,rmmv5,llama,4,4,128,32.0,ck4,4,identity,identity,4,0.0003,99.06,0.0,"(99.06,)",1
N4-K2V2-V62_1M,rmmv5,llama,4,4,128,32.0,ck4,4,unpool,pool,1,5e-05,14.56,0.0,"(14.56,)",1
N4-K2V2-V62_1M,rmmv5,llama,4,4,128,32.0,ck4,4,unpool,pool,1,0.0001,26.0,0.0,"(26.0,)",1
N4-K2V2-V62_1M,rmmv5,llama,4,4,128,32.0,ck4,4,unpool,pool,1,0.0003,36.64,0.0,"(36.64,)",1
N4-K2V2-V62_1M,rmmv5,llama,4,4,128,32.0,ck4,4,unpool,pool,4,0.0001,92.78,0.0,"(92.78,)",1
N4-K2V2-V62_1M,rmmv5,llama,4,4,128,32.0,ck4,4,unpool,pool,4,0.0003,58.3,34.78,"(23.52, 93.08)",2
N4-K2V2-V62_1M,rmmv5p1,llama,4,4,128,16.0,ck4,1,cross_attn,cross_attn-md128,-1,0.0001,8.15,0.47,"(8.62, 7.68)",2
N4-K2V2-V62_1M,rmmv5p1,llama,4,4,128,16.0,ck4,1,cross_attn,cross_attn-md128,-1,0.0003,15.18,7.12,"(8.06, 22.3)",2
N4-K2V2-V62_1M,rmmv5p1,llama,4,4,128,16.0,ck4,1,cross_attn,cross_attn-md256,-1,0.0001,15.41,6.85,"(22.26, 8.56)",2
N4-K2V2-V62_1M,rmmv5p1,llama,4,4,128,16.0,ck4,1,cross_attn,cross_attn-md256,-1,0.0003,7.75,0.51,"(8.26, 7.24)",2
N4-K2V2-V62_1M,rmmv5p1,llama,4,4,128,16.0,ck4,1,cross_attn,cross_attn-md512,-1,0.0001,8.32,0.62,"(8.94, 7.7)",2
N4-K2V2-V62_1M,rmmv5p1,llama,4,4,128,16.0,ck4,1,cross_attn,cross_attn-md512,-1,0.0003,7.68,0.28,"(7.4, 7.96)",2
N4-K2V2-V62_1M,rmmv5p1,llama,4,4,128,16.0,ck4,4,cross_attn,cross_attn-md128,-1,0.0001,25.61,11.09,"(36.7, 14.52)",2
N4-K2V2-V62_1M,rmmv5p1,llama,4,4,128,16.0,ck4,4,cross_attn,cross_attn-md128,-1,0.0003,11.09,2.65,"(13.74, 8.44)",2
N4-K2V2-V62_1M,rmmv5p1,llama,4,4,128,16.0,ck4,4,cross_attn,cross_attn-md256,-1,0.0001,18.53,4.47,"(14.06, 23.0)",2
N4-K2V2-V62_1M,rmmv5p1,llama,4,4,128,16.0,ck4,4,cross_attn,cross_attn-md256,-1,0.0003,33.36,18.74,"(14.62, 52.1)",2
N4-K2V2-V62_1M,rmmv5p1,llama,4,4,128,16.0,ck4,4,cross_attn,cross_attn-md512,-1,0.0001,11.34,3.2,"(14.54, 8.14)",2
N4-K2V2-V62_1M,rmmv5p1,llama,4,4,128,16.0,ck4,4,cross_attn,cross_attn-md512,-1,0.0003,17.36,4.58,"(12.78, 21.94)",2
N4-K2V2-V62_1M,rmmv5p1,llama,4,4,128,16.0,ck4,8,cross_attn,cross_attn-md128,-1,0.0001,7.93,0.03,"(7.96, 7.9)",2
N4-K2V2-V62_1M,rmmv5p1,llama,4,4,128,16.0,ck4,8,cross_attn,cross_attn-md128,-1,0.0003,28.8,4.96,"(33.76, 23.84)",2
N4-K2V2-V62_1M,rmmv5p1,llama,4,4,128,16.0,ck4,8,cross_attn,cross_attn-md256,-1,0.0001,7.9,0.06,"(7.84, 7.96)",2
N4-K2V2-V62_1M,rmmv5p1,llama,4,4,128,16.0,ck4,8,cross_attn,cross_attn-md256,-1,0.0003,42.43,20.67,"(63.1, 21.76)",2
N4-K2V2-V62_1M,rmmv5p1,llama,4,4,128,16.0,ck4,8,cross_attn,cross_attn-md512,-1,0.0001,8.32,0.02,"(8.3, 8.34)",2
N4-K2V2-V62_1M,rmmv5p1,llama,4,4,128,16.0,ck4,8,cross_attn,cross_attn-md512,-1,0.0003,7.66,0.2,"(7.86, 7.46)",2
N4-K2V2-V62_1M,rmmv5p1,llama,4,4,128,32.0,ck4,1,cross_attn,cross_attn-md128,-1,0.0001,8.02,0.08,"(7.94, 8.1)",2
N4-K2V2-V62_1M,rmmv5p1,llama,4,4,128,32.0,ck4,1,cross_attn,cross_attn-md128,-1,0.0003,8.28,0.0,"(8.28,)",1
N4-K2V2-V62_1M,rmmv5p1,llama,4,4,128,32.0,ck4,1,cross_attn,cross_attn-md256,-1,0.0001,7.84,0.02,"(7.82, 7.86)",2
N4-K2V2-V62_1M,rmmv5p1,llama,4,4,128,32.0,ck4,1,cross_attn,cross_attn-md256,-1,0.0003,7.99,0.01,"(8.0, 7.98)",2
N4-K2V2-V62_1M,rmmv5p1,llama,4,4,128,32.0,ck4,1,cross_attn,cross_attn-md512,-1,0.0001,8.13,0.01,"(8.12, 8.14)",2
N4-K2V2-V62_1M,rmmv5p1,llama,4,4,128,32.0,ck4,1,cross_attn,cross_attn-md512,-1,0.0003,8.07,0.33,"(7.74, 8.4)",2
N4-K2V2-V62_1M,rmmv5p1,llama,4,4,128,32.0,ck4,1,unpool,pool,1,5e-05,24.55,0.31,"(24.24, 24.86)",2
N4-K2V2-V62_1M,rmmv5p1,llama,4,4,128,32.0,ck4,1,unpool,pool,1,0.0001,86.13,12.93,"(99.06, 73.2)",2
N4-K2V2-V62_1M,rmmv5p1,llama,4,4,128,32.0,ck4,1,unpool,pool,1,0.0003,24.47,0.71,"(23.76, 25.18)",2
N4-K2V2-V62_1M,rmmv5p1,llama,4,4,128,32.0,ck4,2,unpool,pool,0,5e-05,81.51,7.89,"(73.62, 89.4)",2
N4-K2V2-V62_1M,rmmv5p1,llama,4,4,128,32.0,ck4,2,unpool,pool,0,0.0001,55.28,29.76,"(85.04, 25.52)",2
N4-K2V2-V62_1M,rmmv5p1,llama,4,4,128,32.0,ck4,2,unpool,pool,0,0.0003,40.47,32.55,"(7.92, 73.02)",2
N4-K2V2-V62_1M,rmmv5p1,llama,4,4,128,32.0,ck4,2,unpool,pool,1,5e-05,89.12,9.78,"(98.9, 79.34)",2
N4-K2V2-V62_1M,rmmv5p1,llama,4,4,128,32.0,ck4,2,unpool,pool,1,0.0001,98.74,0.32,"(98.42, 99.06)",2
N4-K2V2-V62_1M,rmmv5p1,llama,4,4,128,32.0,ck4,2,unpool,pool,1,0.0003,98.08,0.58,"(97.5, 98.66)",2
N4-K2V2-V62_1M,rmmv5p1,llama,4,4,128,32.0,ck4,4,cross_attn,cross_attn-md128,-1,0.0001,16.45,8.05,"(8.4, 24.5)",2
N4-K2V2-V62_1M,rmmv5p1,llama,4,4,128,32.0,ck4,4,cross_attn,cross_attn-md128,-1,0.0003,14.07,0.63,"(13.44, 14.7)",2
N4-K2V2-V62_1M,rmmv5p1,llama,4,4,128,32.0,ck4,4,cross_attn,cross_attn-md256,-1,0.0001,78.7,12.46,"(66.24, 91.16)",2
N4-K2V2-V62_1M,rmmv5p1,llama,4,4,128,32.0,ck4,4,cross_attn,cross_attn-md256,-1,0.0003,23.68,1.48,"(25.16, 22.2)",2
N4-K2V2-V62_1M,rmmv5p1,llama,4,4,128,32.0,ck4,4,cross_attn,cross_attn-md512,-1,0.0001,48.36,39.7,"(8.66, 88.06)",2
N4-K2V2-V62_1M,rmmv5p1,llama,4,4,128,32.0,ck4,4,cross_attn,cross_attn-md512,-1,0.0003,14.67,0.63,"(14.04, 15.3)",2
N4-K2V2-V62_1M,rmmv5p1,llama,4,4,128,32.0,ck4,4,unpool,pool,1,5e-05,85.5,5.18,"(80.32, 90.68)",2
N4-K2V2-V62_1M,rmmv5p1,llama,4,4,128,32.0,ck4,4,unpool,pool,1,0.0001,93.83,2.85,"(96.68, 90.98)",2
N4-K2V2-V62_1M,rmmv5p1,llama,4,4,128,32.0,ck4,4,unpool,pool,1,0.0003,26.59,0.51,"(26.08, 27.1)",2
N4-K2V2-V62_1M,rmmv5p1,llama,4,4,128,32.0,ck4,8,cross_attn,cross_attn-md128,-1,0.0001,87.86,5.34,"(82.52, 93.2)",2
N4-K2V2-V62_1M,rmmv5p1,llama,4,4,128,32.0,ck4,8,cross_attn,cross_attn-md128,-1,0.0003,24.89,0.35,"(24.54, 25.24)",2
N4-K2V2-V62_1M,rmmv5p1,llama,4,4,128,32.0,ck4,8,cross_attn,cross_attn-md256,-1,0.0001,22.7,2.44,"(20.26, 25.14)",2
N4-K2V2-V62_1M,rmmv5p1,llama,4,4,128,32.0,ck4,8,cross_attn,cross_attn-md256,-1,0.0003,45.16,36.86,"(82.02, 8.3)",2
N4-K2V2-V62_1M,rmmv5p1,llama,4,4,128,32.0,ck4,8,cross_attn,cross_attn-md512,-1,0.0001,44.57,30.85,"(13.72, 75.42)",2
N4-K2V2-V62_1M,rmmv5p1,llama,4,4,128,32.0,ck4,8,cross_attn,cross_attn-md512,-1,0.0003,19.2,5.88,"(25.08, 13.32)",2
N4-K2V2-V62_1M,rmmv5p2,llama,4,4,128,32.0,ck4,1,unpool,pool,0,0.0001,24.32,0.0,"(24.32,)",1
N4-K2V2-V62_1M,rmmv5p2,llama,4,4,128,32.0,ck4,1,unpool,pool,0,0.0003,22.4,0.0,"(22.4,)",1
N4-K2V2-V62_1M,rmmv5p2,llama,4,4,128,32.0,ck4,1,unpool,pool,1,5e-05,25.57,0.49,"(25.08, 26.06)",2
N4-K2V2-V62_1M,rmmv5p2,llama,4,4,128,32.0,ck4,1,unpool,pool,1,0.0001,26.4,0.14,"(26.26, 26.54)",2
N4-K2V2-V62_1M,rmmv5p2,llama,4,4,128,32.0,ck4,1,unpool,pool,1,0.0003,26.15,0.49,"(25.66, 26.64)",2
N4-K2V2-V62_1M,rmmv5p2,llama,4,4,128,32.0,ck4,1,unpool,pool,4,0.0001,25.61,0.19,"(25.8, 25.42)",2
N4-K2V2-V62_1M,rmmv5p2,llama,4,4,128,32.0,ck4,1,unpool,pool,4,0.0003,24.2,0.02,"(24.22, 24.18)",2
N4-K2V2-V62_1M,rmmv5p2,llama,4,4,128,32.0,ck4,2,unpool,pool,1,5e-05,98.5,0.54,"(97.96, 99.04)",2
N4-K2V2-V62_1M,rmmv5p2,llama,4,4,128,32.0,ck4,2,unpool,pool,1,0.0001,99.01,0.01,"(99.0, 99.02)",2
N4-K2V2-V62_1M,rmmv5p2,llama,4,4,128,32.0,ck4,2,unpool,pool,1,0.0003,99.1,0.0,"(99.1, 99.1)",2
N4-K2V2-V62_1M,rmmv5p2,llama,4,4,128,32.0,ck4,4,unpool,pool,1,5e-05,99.07,0.03,"(99.1, 99.04)",2
N4-K2V2-V62_1M,rmmv5p2,llama,4,4,128,32.0,ck4,4,unpool,pool,1,0.0001,99.23,0.11,"(99.34, 99.12)",2
N4-K2V2-V62_1M,rmmv5p2,llama,4,4,128,32.0,ck4,4,unpool,pool,1,0.0003,56.79,42.31,"(14.48, 99.1)",2
N4-K2V2-V62_1M,rmmv5p2,llama,4,4,128,32.0,ck4,4,unpool,pool,4,0.0001,91.82,0.0,"(91.82,)",1
N4-K2V2-V62_1M,rmmv5p2,llama,4,4,128,32.0,ck4,4,unpool,pool,4,0.0003,8.26,0.0,"(8.26,)",1
N4-K2V2-V62_1M,rmmv5p2-sw,llama,4,4,128,32.0,ck4,1,unpool,pool,1,5e-05,13.26,11.76,"(25.02, 1.5)",2
N4-K2V2-V62_1M,rmmv5p2-sw,llama,4,4,128,32.0,ck4,1,unpool,pool,1,0.0001,26.13,0.19,"(26.32, 25.94)",2
N4-K2V2-V62_1M,rmmv5p2-sw,llama,4,4,128,32.0,ck4,1,unpool,pool,1,0.0003,25.66,0.42,"(26.08, 25.24)",2
N4-K2V2-V62_1M,rmmv5p2-sw,llama,4,4,128,32.0,ck4,2,unpool,pool,1,5e-05,98.11,0.95,"(99.06, 97.16)",2
N4-K2V2-V62_1M,rmmv5p2-sw,llama,4,4,128,32.0,ck4,2,unpool,pool,1,0.0001,92.55,0.75,"(91.8, 93.3)",2
N4-K2V2-V62_1M,rmmv5p2-sw,llama,4,4,128,32.0,ck4,2,unpool,pool,1,0.0003,98.49,0.67,"(99.16, 97.82)",2
N4-K2V2-V62_1M,rmmv5p3,llama,4,4,128,32.0,ck4,1,unpool,pool,1,0.0001,99.83,0.11,"(99.72, 99.94)",2
N4-K2V2-V62_1M,rmmv5p3,llama,4,4,128,32.0,ck4,1,unpool,pool,1,0.0003,100.0,0.0,"(100.0, 100.0)",2
N4-K2V2-V62_1M,rmmv5p3,llama,4,4,128,32.0,ck4,2,unpool,pool,1,0.0001,99.59,0.35,"(99.72, 99.12, 99.94)",3
N4-K2V2-V62_1M,rmmv5p3,llama,4,4,128,32.0,ck4,2,unpool,pool,1,0.0003,99.94,0.1,"(100.0, 99.76, 100.0, 100.0)",4
N4-K2V2-V62_1M,rmmv5p3,llama,4,4,128,32.0,ck4,4,unpool,pool,1,0.0001,99.95,0.01,"(99.96, 99.94)",2
N4-K2V2-V62_1M,rmmv5p3,llama,4,4,128,32.0,ck4,4,unpool,pool,1,0.0003,100.0,0.0,"(100.0, 100.0)",2
N4-K2V2-V62_1M,rmmv5p4,llama,4,4,128,16.0,ck0,4,identity,identity,4,0.0001,59.53,34.11,"(25.42, 93.64)",2
N4-K2V2-V62_1M,rmmv5p4,llama,4,4,128,16.0,ck0,4,identity,identity,4,0.0003,94.35,3.05,"(97.4, 91.3)",2
N4-K2V2-V62_1M,rmmv5p4,llama,4,4,128,16.0,ck0,4,unpool,pool,1,0.0001,99.15,0.13,"(99.02, 99.28)",2
N4-K2V2-V62_1M,rmmv5p4,llama,4,4,128,16.0,ck0,4,unpool,pool,1,0.0003,62.93,36.07,"(99.0, 26.86)",2
N4-K2V2-V62_1M,rmmv5p4,llama,4,4,128,16.0,ck4,4,unpool,pool,1,0.0001,98.65,0.41,"(98.24, 99.06)",2
N4-K2V2-V62_1M,rmmv5p4,llama,4,4,128,16.0,ck4,4,unpool,pool,1,0.0003,99.04,0.0,"(99.04, 99.04)",2
N4-K2V2-V62_1M,rmmv5p4,llama,4,4,128,16.0,ck4,8,unpool,pool,1,0.0001,63.17,36.07,"(27.1, 99.24)",2
N4-K2V2-V62_1M,rmmv5p4,llama,4,4,128,16.0,ck4,8,unpool,pool,1,0.0003,63.09,35.93,"(99.02, 27.16)",2
N4-K2V2-V62_1M,rmmv5p4,llama,4,4,128,32.0,ck2,4,unpool,pool,1,0.0001,99.09,0.05,"(99.04, 99.14)",2
N4-K2V2-V62_1M,rmmv5p4,llama,4,4,128,32.0,ck2,4,unpool,pool,1,0.0003,63.05,36.09,"(99.14, 26.96)",2
N4-K2V2-V62_1M,rmmv5p4,llama,4,4,128,32.0,ck2,8,unpool,pool,1,0.0001,99.07,0.07,"(99.14, 99.0)",2
N4-K2V2-V62_1M,rmmv5p4,llama,4,4,128,32.0,ck2,8,unpool,pool,1,0.0003,62.57,36.41,"(26.16, 98.98)",2
N4-K2V2-V62_1M,rmmv5p4,llama,4,4,128,32.0,ck4,1,unpool,pool,0,0.0001,25.31,0.53,"(25.84, 24.78)",2
N4-K2V2-V62_1M,rmmv5p4,llama,4,4,128,32.0,ck4,1,unpool,pool,0,0.0003,25.71,0.41,"(25.3, 26.12)",2
N4-K2V2-V62_1M,rmmv5p4,llama,4,4,128,32.0,ck4,1,unpool,pool,0,0.001,25.47,0.01,"(25.46, 25.48)",2
N4-K2V2-V62_1M,rmmv5p4,llama,4,4,128,32.0,ck4,1,unpool,pool,1,0.0001,26.29,0.33,"(25.96, 26.62)",2
N4-K2V2-V62_1M,rmmv5p4,llama,4,4,128,32.0,ck4,1,unpool,pool,1,0.0003,26.53,0.11,"(26.64, 26.42)",2
N4-K2V2-V62_1M,rmmv5p4,llama,4,4,128,32.0,ck4,1,unpool,pool,1,0.001,26.14,0.06,"(26.08, 26.2)",2
N4-K2V2-V62_1M,rmmv5p4,llama,4,4,128,32.0,ck4,2,unpool,pool,1,0.0001,99.01,0.01,"(99.02, 99.0)",2
N4-K2V2-V62_1M,rmmv5p4,llama,4,4,128,32.0,ck4,2,unpool,pool,1,0.0003,62.67,36.41,"(26.26, 99.08)",2
N4-K2V2-V62_1M,rmmv5p4,llama,4,4,128,32.0,ck4,2,unpool,pool,1,0.001,62.83,36.29,"(99.12, 26.54)",2
N4-K2V2-V62_1M,rmmv5p4,llama,4,4,128,32.0,ck4,2,unpool,pool,4,0.0001,88.92,0.54,"(88.38, 89.46)",2
N4-K2V2-V62_1M,rmmv5p4,llama,4,4,128,32.0,ck4,2,unpool,pool,4,0.0003,91.59,1.55,"(93.14, 90.04)",2
N4-K2V2-V62_1M,rmmv5p4,llama,4,4,128,32.0,ck4,4,identity,identity,4,0.0001,99.15,0.01,"(99.16, 99.14)",2
N4-K2V2-V62_1M,rmmv5p4,llama,4,4,128,32.0,ck4,4,identity,identity,4,0.0003,99.13,0.03,"(99.1, 99.16)",2
N4-K2V2-V62_1M,rmmv5p4,llama,4,4,128,32.0,ck4,4,unpool,pool,1,0.0001,99.14,0.08,"(99.22, 99.06)",2
N4-K2V2-V62_1M,rmmv5p4,llama,4,4,128,32.0,ck4,4,unpool,pool,1,0.0003,99.19,0.05,"(99.24, 99.14)",2
N4-K2V2-V62_1M,rmmv5p4,llama,4,4,128,32.0,ck4,4,unpool,pool,1,0.001,99.02,0.02,"(99.0, 99.04)",2
N4-K2V2-V62_1M,rmmv5p4,llama,4,4,128,32.0,ck4,4,unpool,pool,4,0.0001,93.28,0.64,"(92.64, 93.92)",2
N4-K2V2-V62_1M,rmmv5p4,llama,4,4,128,32.0,ck4,4,unpool,pool,4,0.0003,93.96,1.38,"(92.58, 95.34)",2
N4-K2V2-V62_1M,rmmv5p4,llama,4,4,128,32.0,ck4,8,unpool,pool,1,0.0001,99.1,0.08,"(99.02, 99.18)",2
N4-K2V2-V62_1M,rmmv5p4,llama,4,4,128,32.0,ck4,8,unpool,pool,1,0.0003,97.21,1.81,"(99.02, 95.4)",2
N4-K2V2-V62_1M,rmmv5p4,llama,4,4,128,32.0,ck4,8,unpool,pool,1,0.001,63.14,36.0,"(99.14, 27.14)",2
N4-K2V2-V62_1M,rmmv5p5,llama,4,4,128,32.0,ck4,1,identity,pool,0,0.0003,0.02,0.0,"(0.02,)",1
N4-K2V2-V62_1M,rmmv5p5,llama,4,4,128,32.0,ck4,4,identity,pool,4,5e-05,14.16,0.0,"(14.16,)",1
N4-K2V2-V62_1M,rmmv5p5,llama,4,4,128,32.0,ck4,4,identity,pool,4,0.0001,95.04,0.0,"(95.04,)",1
N4-K2V2-V62_1M,rmmv5p5,llama,4,4,128,32.0,ck4,4,identity,pool,4,0.0003,93.36,0.0,"(93.36,)",1
N4-K2V2-V62_1M,rmmv5p5,llama,4,4,128,32.0,ck4,4,identity,pool,4,0.001,73.28,0.0,"(73.28,)",1
N4-K2V2-V62_1M,segment_baselines,llama,4,4,128,,N/A,1,N/A,N/A,1,0.0001,62.07,37.03,"(99.08, 99.1, 25.26, 24.82)",4
N4-K2V2-V62_1M,segment_baselines,llama,4,4,128,,N/A,1,N/A,N/A,1,0.0003,62.59,36.5,"(99.14, 99.04, 26.0, 26.18)",4
N4-K2V2-V62_1M,segment_baselines,llama,4,4,128,,N/A,1,N/A,N/A,4,0.0001,29.41,29.17,"(7.68, 8.12, 78.78, 23.06)",4
N4-K2V2-V62_1M,segment_baselines,llama,4,4,128,,N/A,1,N/A,N/A,4,0.0003,15.72,7.83,"(7.8, 8.06, 24.54, 22.5)",4
N4-K2V2-V62_1M,segment_baselines,llama,4,4,128,,N/A,2,N/A,N/A,1,0.0001,95.43,3.67,"(99.16, 99.04, 91.68, 91.84)",4
N4-K2V2-V62_1M,segment_baselines,llama,4,4,128,,N/A,2,N/A,N/A,1,0.0003,79.74,30.69,"(99.68, 99.06, 93.48, 26.76)",4
N4-K2V2-V62_1M,segment_baselines,llama,4,4,128,,N/A,2,N/A,N/A,4,0.0001,90.95,1.61,"(92.56, 89.34)",2
N4-K2V2-V62_1M,segment_baselines,llama,4,4,128,,N/A,2,N/A,N/A,4,0.0003,8.11,0.27,"(8.38, 7.84)",2
N4-K2V2-V62_1M,segment_baselines,llama,4,4,128,,N/A,4,N/A,N/A,1,0.0001,62.64,36.63,"(99.4, 99.14, 25.68, 26.34)",4
N4-K2V2-V62_1M,segment_baselines,llama,4,4,128,,N/A,4,N/A,N/A,1,0.0003,96.57,4.16,"(99.72, 99.3, 90.7)",3
N4-K2V2-V62_1M,segment_baselines,llama,4,4,128,,N/A,4,N/A,N/A,4,0.0001,89.26,1.56,"(87.7, 90.82)",2
N4-K2V2-V62_1M,segment_baselines,llama,4,4,128,,N/A,4,N/A,N/A,4,0.0003,43.92,36.26,"(7.66, 80.18)",2
N4-K2V2-V62_1M,segment_baselines,llama,4,4,128,,N/A,8,N/A,N/A,1,0.0001,79.06,30.65,"(99.04, 99.16, 91.82, 26.22)",4
N4-K2V2-V62_1M,segment_baselines,llama,4,4,128,,N/A,8,N/A,N/A,1,0.0003,62.48,36.57,"(99.02, 99.08, 26.04, 25.8)",4
N4-K2V2-V62_1M,segment_baselines,llama,4,4,128,,N/A,8,N/A,N/A,4,0.0001,91.38,1.06,"(90.32, 92.44)",2
N4-K2V2-V62_1M,segment_baselines,llama,4,4,128,,N/A,8,N/A,N/A,4,0.0003,55.41,43.73,"(11.68, 99.14)",2
N64-K2V2-V62_1M,recurrent_baselines,gated_delta_net,4,1,128,16.0,ck2,-1,N/A,N/A,-1,0.001,0.02,0.02,"(0.02, 0.0, 0.04)",3
N64-K2V2-V62_1M,recurrent_baselines,gated_delta_net,4,1,128,16.0,ck4,-1,N/A,N/A,-1,0.001,0.03,0.02,"(0.04, 0.0, 0.04)",3
N64-K2V2-V62_1M,recurrent_baselines,gated_delta_net,4,4,128,16.0,noconv,-1,N/A,N/A,-1,0.0003,0.02,0.0,"(0.02, 0.02, 0.02)",3
N64-K2V2-V62_1M,recurrent_baselines,gated_delta_net,4,4,128,16.0,noconv,-1,N/A,N/A,-1,0.001,0.03,0.03,"(0.02, 0.0, 0.08)",3
N64-K2V2-V62_1M,recurrent_baselines,mamba,4,1,128,16.0,ck2,-1,N/A,N/A,-1,0.001,0.09,0.08,"(0.2, 0.04, 0.02)",3
N64-K2V2-V62_1M,recurrent_baselines,mamba,4,1,128,16.0,ck4,-1,N/A,N/A,-1,0.001,0.02,0.02,"(0.04, 0.0, 0.02)",3
N64-K2V2-V62_1M,recurrent_baselines,mamba2,4,1,128,16.0,ck2,-1,N/A,N/A,-1,0.001,13.75,16.83,"(37.54, 2.38, 1.32)",3
N64-K2V2-V62_1M,recurrent_baselines,mamba2,4,1,128,16.0,ck4,-1,N/A,N/A,-1,0.001,46.25,35.17,"(89.8, 3.68, 45.28)",3
N8-K2V2-V62_1M,conv_study,gated_delta_net,4,4,128,16.0,N/A,-1,N/A,N/A,-1,0.001,24.03,28.01,"(8.76, 63.32, 0.0)",3
N8-K2V2-V62_1M,conv_study,mamba2,4,4,128,16.0,N/A,-1,N/A,N/A,-1,0.001,13.22,0.0,"(13.22,)",1
N8-K2V2-V62_1M,recurrent_baselines,gated_delta_net,1,1,64,4.0,ck2,-1,N/A,N/A,-1,0.001,1.11,0.66,"(1.72, 0.2, 1.42)",3
N8-K2V2-V62_1M,recurrent_baselines,gated_delta_net,1,1,64,4.0,ck4,-1,N/A,N/A,-1,0.001,0.93,1.27,"(2.72, 0.04, 0.02)",3
N8-K2V2-V62_1M,recurrent_baselines,gated_delta_net,1,1,64,16.0,ck2,-1,N/A,N/A,-1,0.001,12.8,0.26,"(12.58, 12.66, 13.16)",3
N8-K2V2-V62_1M,recurrent_baselines,gated_delta_net,1,1,64,16.0,ck4,-1,N/A,N/A,-1,0.001,59.8,42.27,"(0.02, 90.08, 89.3)",3
N8-K2V2-V62_1M,recurrent_baselines,gated_delta_net,1,1,64,32.0,ck2,-1,N/A,N/A,-1,0.001,13.27,0.49,"(12.8, 13.08, 13.94)",3
N8-K2V2-V62_1M,recurrent_baselines,gated_delta_net,1,1,64,32.0,ck4,-1,N/A,N/A,-1,0.001,66.37,46.92,"(0.02, 99.32, 99.78)",3
N8-K2V2-V62_1M,recurrent_baselines,gated_delta_net,1,1,128,4.0,ck2,-1,N/A,N/A,-1,0.001,0.87,0.6,"(0.02, 1.26, 1.34)",3
N8-K2V2-V62_1M,recurrent_baselines,gated_delta_net,1,1,128,4.0,ck4,-1,N/A,N/A,-1,0.001,2.8,1.12,"(1.22, 3.46, 3.72)",3
N8-K2V2-V62_1M,recurrent_baselines,gated_delta_net,1,1,128,16.0,ck2,-1,N/A,N/A,-1,0.001,8.35,5.9,"(12.98, 12.06, 0.02)",3
N8-K2V2-V62_1M,recurrent_baselines,gated_delta_net,1,1,128,16.0,ck4,-1,N/A,N/A,-1,0.001,8.59,6.08,"(0.04, 12.02, 13.7)",3
N8-K2V2-V62_1M,recurrent_baselines,gated_delta_net,1,1,128,32.0,ck2,-1,N/A,N/A,-1,0.001,13.25,0.55,"(13.56, 13.7, 12.48)",3
N8-K2V2-V62_1M,recurrent_baselines,gated_delta_net,1,1,128,32.0,ck4,-1,N/A,N/A,-1,0.001,99.34,0.39,"(99.52, 98.8, 99.7)",3
N8-K2V2-V62_1M,recurrent_baselines,gated_delta_net,1,1,256,4.0,ck2,-1,N/A,N/A,-1,0.001,1.17,0.58,"(1.42, 1.72, 0.36)",3
N8-K2V2-V62_1M,recurrent_baselines,gated_delta_net,1,1,256,4.0,ck4,-1,N/A,N/A,-1,0.001,1.69,1.35,"(3.3, 1.78, 0.0)",3
N8-K2V2-V62_1M,recurrent_baselines,gated_delta_net,1,1,256,16.0,ck2,-1,N/A,N/A,-1,0.001,7.75,5.56,"(10.34, 0.02, 12.88)",3
N8-K2V2-V62_1M,recurrent_baselines,gated_delta_net,1,1,256,16.0,ck4,-1,N/A,N/A,-1,0.001,88.03,0.32,"(88.32, 87.58, 88.2)",3
N8-K2V2-V62_1M,recurrent_baselines,gated_delta_net,1,1,256,32.0,ck2,-1,N/A,N/A,-1,0.001,4.47,6.29,"(13.36, 0.04, 0.0)",3
N8-K2V2-V62_1M,recurrent_baselines,gated_delta_net,1,1,256,32.0,ck4,-1,N/A,N/A,-1,0.001,70.83,40.47,"(99.52, 13.6, 99.38)",3
N8-K2V2-V62_1M,recurrent_baselines,gated_delta_net,2,1,64,4.0,ck2,-1,N/A,N/A,-1,0.001,2.64,0.44,"(3.26, 2.32, 2.34)",3
N8-K2V2-V62_1M,recurrent_baselines,gated_delta_net,2,1,64,4.0,ck4,-1,N/A,N/A,-1,0.001,4.36,2.14,"(1.52, 6.7, 4.86)",3
N8-K2V2-V62_1M,recurrent_baselines,gated_delta_net,2,1,64,16.0,ck2,-1,N/A,N/A,-1,0.001,36.36,32.31,"(12.84, 82.04, 14.2)",3
N8-K2V2-V62_1M,recurrent_baselines,gated_delta_net,2,1,64,16.0,ck4,-1,N/A,N/A,-1,0.001,97.4,2.29,"(94.18, 99.26, 98.76)",3
N8-K2V2-V62_1M,recurrent_baselines,gated_delta_net,2,1,64,32.0,ck2,-1,N/A,N/A,-1,0.001,66.77,37.86,"(91.9, 13.26, 95.14)",3
N8-K2V2-V62_1M,recurrent_baselines,gated_delta_net,2,1,64,32.0,ck4,-1,N/A,N/A,-1,0.001,99.85,0.1,"(99.82, 99.98, 99.74)",3
N8-K2V2-V62_1M,recurrent_baselines,gated_delta_net,2,1,128,4.0,ck2,-1,N/A,N/A,-1,0.001,2.89,2.84,"(6.82, 0.22, 1.62)",3
N8-K2V2-V62_1M,recurrent_baselines,gated_delta_net,2,1,128,4.0,ck4,-1,N/A,N/A,-1,0.001,7.86,3.69,"(6.74, 4.0, 12.84)",3
N8-K2V2-V62_1M,recurrent_baselines,gated_delta_net,2,1,128,16.0,ck2,-1,N/A,N/A,-1,0.001,35.94,39.5,"(13.56, 91.46, 2.8)",3
N8-K2V2-V62_1M,recurrent_baselines,gated_delta_net,2,1,128,16.0,ck4,-1,N/A,N/A,-1,0.001,96.97,2.07,"(94.86, 99.78, 96.28)",3
N8-K2V2-V62_1M,recurrent_baselines,gated_delta_net,2,1,128,32.0,ck2,-1,N/A,N/A,-1,0.001,40.12,38.21,"(13.32, 12.88, 94.16)",3
N8-K2V2-V62_1M,recurrent_baselines,gated_delta_net,2,1,128,32.0,ck4,-1,N/A,N/A,-1,0.001,99.87,0.1,"(99.76, 99.86, 100.0)",3
N8-K2V2-V62_1M,recurrent_baselines,gated_delta_net,2,1,256,4.0,ck2,-1,N/A,N/A,-1,0.001,1.07,0.79,"(0.26, 2.14, 0.8)",3
N8-K2V2-V62_1M,recurrent_baselines,gated_delta_net,2,1,256,4.0,ck4,-1,N/A,N/A,-1,0.001,7.63,5.29,"(15.1, 3.44, 4.36)",3
N8-K2V2-V62_1M,recurrent_baselines,gated_delta_net,2,1,256,16.0,ck2,-1,N/A,N/A,-1,0.001,65.81,38.2,"(11.78, 92.74, 92.9)",3
N8-K2V2-V62_1M,recurrent_baselines,gated_delta_net,2,1,256,16.0,ck4,-1,N/A,N/A,-1,0.001,95.49,2.58,"(92.12, 98.4, 95.96)",3
N8-K2V2-V62_1M,recurrent_baselines,gated_delta_net,2,1,256,32.0,ck2,-1,N/A,N/A,-1,0.001,68.91,39.14,"(94.74, 98.4, 13.6)",3
N8-K2V2-V62_1M,recurrent_baselines,gated_delta_net,2,1,256,32.0,ck4,-1,N/A,N/A,-1,0.001,99.72,0.04,"(99.74, 99.76, 99.66)",3
N8-K2V2-V62_1M,recurrent_baselines,gated_delta_net,4,1,64,4.0,ck2,-1,N/A,N/A,-1,0.001,4.77,3.15,"(7.6, 6.32, 0.38)",3
N8-K2V2-V62_1M,recurrent_baselines,gated_delta_net,4,1,64,4.0,ck4,-1,N/A,N/A,-1,0.001,15.6,9.51,"(7.6, 10.24, 28.96)",3
N8-K2V2-V62_1M,recurrent_baselines,gated_delta_net,4,1,64,16.0,ck2,-1,N/A,N/A,-1,0.001,69.49,37.72,"(98.86, 16.24, 93.38)",3
N8-K2V2-V62_1M,recurrent_baselines,gated_delta_net,4,1,64,16.0,ck4,-1,N/A,N/A,-1,0.001,70.73,40.87,"(99.98, 12.94, 99.28)",3
N8-K2V2-V62_1M,recurrent_baselines,gated_delta_net,4,1,64,32.0,ck2,-1,N/A,N/A,-1,0.001,41.24,39.67,"(13.6, 97.34, 12.78)",3
N8-K2V2-V62_1M,recurrent_baselines,gated_delta_net,4,1,64,32.0,ck4,-1,N/A,N/A,-1,0.001,99.95,0.04,"(100.0, 99.92, 99.92)",3
N8-K2V2-V62_1M,recurrent_baselines,gated_delta_net,4,1,128,4.0,ck2,-1,N/A,N/A,-1,0.001,5.85,3.93,"(8.2, 0.32, 9.04)",3
N8-K2V2-V62_1M,recurrent_baselines,gated_delta_net,4,1,128,4.0,ck4,-1,N/A,N/A,-1,0.001,9.01,0.62,"(8.88, 8.32, 9.82)",3
N8-K2V2-V62_1M,recurrent_baselines,gated_delta_net,4,1,128,16.0,ck2,-1,N/A,N/A,-1,0.001,68.71,39.31,"(93.3, 99.6, 13.24)",3
N8-K2V2-V62_1M,recurrent_baselines,gated_delta_net,4,1,128,16.0,ck4,-1,N/A,N/A,-1,0.001,99.27,0.74,"(99.58, 99.98, 98.24)",3
N8-K2V2-V62_1M,recurrent_baselines,gated_delta_net,4,1,128,32.0,ck2,-1,N/A,N/A,-1,0.001,95.93,2.57,"(99.56, 93.98, 94.24)",3
N8-K2V2-V62_1M,recurrent_baselines,gated_delta_net,4,1,128,32.0,ck4,-1,N/A,N/A,-1,0.001,99.91,0.03,"(99.94, 99.86, 99.92)",3
N8-K2V2-V62_1M,recurrent_baselines,gated_delta_net,4,1,256,4.0,ck2,-1,N/A,N/A,-1,0.001,6.11,4.3,"(9.46, 8.82, 0.04)",3
N8-K2V2-V62_1M,recurrent_baselines,gated_delta_net,4,1,256,4.0,ck4,-1,N/A,N/A,-1,0.001,13.55,10.11,"(27.64, 4.38, 8.64)",3
N8-K2V2-V62_1M,recurrent_baselines,gated_delta_net,4,1,256,16.0,ck2,-1,N/A,N/A,-1,0.001,35.87,41.53,"(13.16, 0.32, 94.14)",3
N8-K2V2-V62_1M,recurrent_baselines,gated_delta_net,4,1,256,16.0,ck4,-1,N/A,N/A,-1,0.001,97.89,2.49,"(99.58, 94.36, 99.72)",3
N8-K2V2-V62_1M,recurrent_baselines,gated_delta_net,4,1,256,32.0,ck2,-1,N/A,N/A,-1,0.001,92.15,9.97,"(99.96, 78.08, 98.4)",3
N8-K2V2-V62_1M,recurrent_baselines,gated_delta_net,4,1,256,32.0,ck4,-1,N/A,N/A,-1,0.001,98.03,2.54,"(99.84, 94.44, 99.8)",3
N8-K2V2-V62_1M,recurrent_baselines,gated_delta_net,4,4,128,16.0,noconv,-1,N/A,N/A,-1,0.0003,24.09,19.74,"(52.0, 10.56, 9.72)",3
N8-K2V2-V62_1M,recurrent_baselines,gated_delta_net,4,4,128,16.0,noconv,-1,N/A,N/A,-1,0.001,9.19,0.54,"(9.3, 9.8, 8.48)",3
N8-K2V2-V62_1M,recurrent_baselines,mamba,1,1,64,4.0,ck2,-1,N/A,N/A,-1,0.001,11.49,0.79,"(12.5, 11.42, 10.56)",3
N8-K2V2-V62_1M,recurrent_baselines,mamba,1,1,64,4.0,ck4,-1,N/A,N/A,-1,0.001,81.89,1.67,"(81.3, 80.2, 84.16)",3
N8-K2V2-V62_1M,recurrent_baselines,mamba,1,1,64,16.0,ck2,-1,N/A,N/A,-1,0.001,13.55,0.32,"(13.32, 13.34, 14.0)",3
N8-K2V2-V62_1M,recurrent_baselines,mamba,1,1,64,16.0,ck4,-1,N/A,N/A,-1,0.001,95.89,1.96,"(98.66, 94.48, 94.52)",3
N8-K2V2-V62_1M,recurrent_baselines,mamba,1,1,64,32.0,ck2,-1,N/A,N/A,-1,0.001,13.07,0.1,"(12.96, 13.2, 13.06)",3
N8-K2V2-V62_1M,recurrent_baselines,mamba,1,1,64,32.0,ck4,-1,N/A,N/A,-1,0.001,94.98,0.1,"(95.02, 95.08, 94.84)",3
N8-K2V2-V62_1M,recurrent_baselines,mamba,1,1,128,4.0,ck2,-1,N/A,N/A,-1,0.001,12.39,0.53,"(12.82, 12.72, 11.64)",3
N8-K2V2-V62_1M,recurrent_baselines,mamba,1,1,128,4.0,ck4,-1,N/A,N/A,-1,0.001,89.47,0.48,"(89.9, 89.7, 88.8)",3
N8-K2V2-V62_1M,recurrent_baselines,mamba,1,1,128,16.0,ck2,-1,N/A,N/A,-1,0.001,13.67,0.25,"(13.8, 13.32, 13.88)",3
N8-K2V2-V62_1M,recurrent_baselines,mamba,1,1,128,16.0,ck4,-1,N/A,N/A,-1,0.001,96.6,2.06,"(94.9, 99.5, 95.4)",3
N8-K2V2-V62_1M,recurrent_baselines,mamba,1,1,128,32.0,ck2,-1,N/A,N/A,-1,0.001,13.61,0.17,"(13.82, 13.4, 13.62)",3
N8-K2V2-V62_1M,recurrent_baselines,mamba,1,1,128,32.0,ck4,-1,N/A,N/A,-1,0.001,99.47,0.47,"(98.82, 99.9, 99.68)",3
N8-K2V2-V62_1M,recurrent_baselines,mamba,1,1,256,4.0,ck2,-1,N/A,N/A,-1,0.001,13.47,0.36,"(13.8, 13.64, 12.96)",3
N8-K2V2-V62_1M,recurrent_baselines,mamba,1,1,256,4.0,ck4,-1,N/A,N/A,-1,0.001,90.48,0.17,"(90.66, 90.52, 90.26)",3
N8-K2V2-V62_1M,recurrent_baselines,mamba,1,1,256,16.0,ck2,-1,N/A,N/A,-1,0.001,13.89,0.29,"(13.52, 13.92, 14.24)",3
N8-K2V2-V62_1M,recurrent_baselines,mamba,1,1,256,16.0,ck4,-1,N/A,N/A,-1,0.001,97.97,1.93,"(99.6, 95.26, 99.06)",3
N8-K2V2-V62_1M,recurrent_baselines,mamba,1,1,256,32.0,ck2,-1,N/A,N/A,-1,0.001,13.83,0.04,"(13.78, 13.88, 13.82)",3
N8-K2V2-V62_1M,recurrent_baselines,mamba,1,1,256,32.0,ck4,-1,N/A,N/A,-1,0.001,99.79,0.06,"(99.78, 99.86, 99.72)",3
N8-K2V2-V62_1M,recurrent_baselines,mamba,2,1,64,4.0,ck2,-1,N/A,N/A,-1,0.001,87.1,0.3,"(87.34, 87.28, 86.68)",3
N8-K2V2-V62_1M,recurrent_baselines,mamba,2,1,64,4.0,ck4,-1,N/A,N/A,-1,0.001,77.4,12.28,"(60.2, 83.96, 88.04)",3
N8-K2V2-V62_1M,recurrent_baselines,mamba,2,1,64,16.0,ck2,-1,N/A,N/A,-1,0.001,95.86,1.12,"(94.4, 96.06, 97.12)",3
N8-K2V2-V62_1M,recurrent_baselines,mamba,2,1,64,16.0,ck4,-1,N/A,N/A,-1,0.001,98.48,0.99,"(99.24, 97.08, 99.12)",3
N8-K2V2-V62_1M,recurrent_baselines,mamba,2,1,64,32.0,ck2,-1,N/A,N/A,-1,0.001,91.25,11.09,"(99.38, 75.56, 98.8)",3
N8-K2V2-V62_1M,recurrent_baselines,mamba,2,1,64,32.0,ck4,-1,N/A,N/A,-1,0.001,97.99,2.11,"(99.64, 95.02, 99.32)",3
N8-K2V2-V62_1M,recurrent_baselines,mamba,2,1,128,4.0,ck2,-1,N/A,N/A,-1,0.001,90.91,1.94,"(89.36, 93.64, 89.72)",3
N8-K2V2-V62_1M,recurrent_baselines,mamba,2,1,128,4.0,ck4,-1,N/A,N/A,-1,0.001,93.75,3.69,"(96.94, 95.72, 88.58)",3
N8-K2V2-V62_1M,recurrent_baselines,mamba,2,1,128,16.0,ck2,-1,N/A,N/A,-1,0.001,97.56,2.42,"(94.14, 99.32, 99.22)",3
N8-K2V2-V62_1M,recurrent_baselines,mamba,2,1,128,16.0,ck4,-1,N/A,N/A,-1,0.001,98.11,2.45,"(99.84, 99.84, 94.64)",3
N8-K2V2-V62_1M,recurrent_baselines,mamba,2,1,128,32.0,ck2,-1,N/A,N/A,-1,0.001,99.06,0.29,"(99.46, 98.8, 98.92)",3
N8-K2V2-V62_1M,recurrent_baselines,mamba,2,1,128,32.0,ck4,-1,N/A,N/A,-1,0.001,99.73,0.08,"(99.84, 99.64, 99.7)",3
N8-K2V2-V62_1M,recurrent_baselines,mamba,2,1,256,4.0,ck2,-1,N/A,N/A,-1,0.001,63.95,36.02,"(94.14, 13.32, 84.38)",3
N8-K2V2-V62_1M,recurrent_baselines,mamba,2,1,256,4.0,ck4,-1,N/A,N/A,-1,0.001,96.31,3.78,"(99.02, 98.94, 90.96)",3
N8-K2V2-V62_1M,recurrent_baselines,mamba,2,1,256,16.0,ck2,-1,N/A,N/A,-1,0.001,95.57,2.86,"(99.46, 94.6, 92.66)",3
N8-K2V2-V62_1M,recurrent_baselines,mamba,2,1,256,16.0,ck4,-1,N/A,N/A,-1,0.001,99.73,0.15,"(99.88, 99.8, 99.52)",3
N8-K2V2-V62_1M,recurrent_baselines,mamba,2,1,256,32.0,ck2,-1,N/A,N/A,-1,0.001,42.2,40.72,"(13.8, 13.02, 99.78)",3
N8-K2V2-V62_1M,recurrent_baselines,mamba,2,1,256,32.0,ck4,-1,N/A,N/A,-1,0.001,99.79,0.26,"(99.98, 99.42, 99.96)",3
N8-K2V2-V62_1M,recurrent_baselines,mamba,4,1,64,4.0,ck2,-1,N/A,N/A,-1,0.001,64.74,36.68,"(90.62, 12.86, 90.74)",3
N8-K2V2-V62_1M,recurrent_baselines,mamba,4,1,64,4.0,ck4,-1,N/A,N/A,-1,0.001,89.61,5.29,"(85.56, 97.08, 86.2)",3
N8-K2V2-V62_1M,recurrent_baselines,mamba,4,1,64,16.0,ck2,-1,N/A,N/A,-1,0.001,99.58,0.15,"(99.38, 99.72, 99.64)",3
N8-K2V2-V62_1M,recurrent_baselines,mamba,4,1,64,16.0,ck4,-1,N/A,N/A,-1,0.001,94.71,6.71,"(85.22, 99.64, 99.28)",3
N8-K2V2-V62_1M,recurrent_baselines,mamba,4,1,64,32.0,ck2,-1,N/A,N/A,-1,0.001,98.87,1.35,"(99.84, 96.96, 99.8)",3
N8-K2V2-V62_1M,recurrent_baselines,mamba,4,1,64,32.0,ck4,-1,N/A,N/A,-1,0.001,98.05,2.24,"(99.66, 99.6, 94.88)",3
N8-K2V2-V62_1M,recurrent_baselines,mamba,4,1,128,4.0,ck2,-1,N/A,N/A,-1,0.001,97.63,0.13,"(97.46, 97.78, 97.64)",3
N8-K2V2-V62_1M,recurrent_baselines,mamba,4,1,128,4.0,ck4,-1,N/A,N/A,-1,0.001,97.41,1.32,"(98.24, 95.54, 98.44)",3
N8-K2V2-V62_1M,recurrent_baselines,mamba,4,1,128,16.0,ck2,-1,N/A,N/A,-1,0.001,96.0,5.44,"(99.82, 88.3, 99.88)",3
N8-K2V2-V62_1M,recurrent_baselines,mamba,4,1,128,16.0,ck4,-1,N/A,N/A,-1,0.001,99.66,0.12,"(99.5, 99.8, 99.68)",3
N8-K2V2-V62_1M,recurrent_baselines,mamba,4,1,128,32.0,ck2,-1,N/A,N/A,-1,0.001,99.75,0.17,"(99.8, 99.92, 99.52)",3
N8-K2V2-V62_1M,recurrent_baselines,mamba,4,1,128,32.0,ck4,-1,N/A,N/A,-1,0.0003,99.89,0.01,"(99.88, 99.9)",2
N8-K2V2-V62_1M,recurrent_baselines,mamba,4,1,128,32.0,ck4,-1,N/A,N/A,-1,0.001,99.25,0.53,"(100.0, 98.82, 98.94)",3
N8-K2V2-V62_1M,recurrent_baselines,mamba,4,1,256,4.0,ck2,-1,N/A,N/A,-1,0.001,96.75,0.85,"(95.94, 97.92, 96.38)",3
N8-K2V2-V62_1M,recurrent_baselines,mamba,4,1,256,4.0,ck4,-1,N/A,N/A,-1,0.001,64.41,36.05,"(92.5, 87.22, 13.52)",3
N8-K2V2-V62_1M,recurrent_baselines,mamba,4,4,128,16.0,noconv,-1,N/A,N/A,-1,0.0003,97.31,2.79,"(98.96, 99.6, 93.38)",3
N8-K2V2-V62_1M,recurrent_baselines,mamba,4,4,128,16.0,noconv,-1,N/A,N/A,-1,0.001,14.85,2.15,"(12.94, 17.86, 13.76)",3
N8-K2V2-V62_1M,recurrent_baselines,mamba2,1,1,64,4.0,ck2,-1,N/A,N/A,-1,0.001,4.07,5.22,"(0.42, 11.46, 0.34)",3
N8-K2V2-V62_1M,recurrent_baselines,mamba2,1,1,64,4.0,ck4,-1,N/A,N/A,-1,0.001,26.74,21.62,"(12.2, 10.72, 57.3)",3
N8-K2V2-V62_1M,recurrent_baselines,mamba2,1,1,64,16.0,ck2,-1,N/A,N/A,-1,0.001,12.51,0.51,"(11.82, 12.68, 13.04)",3
N8-K2V2-V62_1M,recurrent_baselines,mamba2,1,1,64,16.0,ck4,-1,N/A,N/A,-1,0.001,41.75,39.55,"(97.68, 13.88, 13.68)",3
N8-K2V2-V62_1M,recurrent_baselines,mamba2,1,1,64,32.0,ck2,-1,N/A,N/A,-1,0.001,11.55,2.31,"(13.6, 12.74, 8.32)",3
N8-K2V2-V62_1M,recurrent_baselines,mamba2,1,1,64,32.0,ck4,-1,N/A,N/A,-1,0.001,13.17,0.47,"(13.34, 12.52, 13.64)",3
N8-K2V2-V62_1M,recurrent_baselines,mamba2,1,1,128,4.0,ck2,-1,N/A,N/A,-1,0.001,10.77,1.14,"(10.9, 9.32, 12.1)",3
N8-K2V2-V62_1M,recurrent_baselines,mamba2,1,1,128,4.0,ck4,-1,N/A,N/A,-1,0.001,61.37,33.92,"(84.5, 13.42, 86.2)",3
N8-K2V2-V62_1M,recurrent_baselines,mamba2,1,1,128,16.0,ck2,-1,N/A,N/A,-1,0.001,13.06,0.84,"(13.28, 11.94, 13.96)",3
N8-K2V2-V62_1M,recurrent_baselines,mamba2,1,1,128,16.0,ck4,-1,N/A,N/A,-1,0.001,96.61,3.05,"(98.5, 92.3, 99.02)",3
N8-K2V2-V62_1M,recurrent_baselines,mamba2,1,1,128,32.0,ck2,-1,N/A,N/A,-1,0.001,12.78,0.29,"(12.38, 12.9, 13.06)",3
N8-K2V2-V62_1M,recurrent_baselines,mamba2,1,1,128,32.0,ck4,-1,N/A,N/A,-1,0.001,70.96,40.57,"(99.68, 13.58, 99.62)",3
N8-K2V2-V62_1M,recurrent_baselines,mamba2,1,1,256,4.0,ck2,-1,N/A,N/A,-1,0.001,12.65,0.5,"(12.18, 12.44, 13.34)",3
N8-K2V2-V62_1M,recurrent_baselines,mamba2,1,1,256,4.0,ck4,-1,N/A,N/A,-1,0.001,38.25,34.79,"(87.46, 13.66, 13.64)",3
N8-K2V2-V62_1M,recurrent_baselines,mamba2,1,1,256,16.0,ck2,-1,N/A,N/A,-1,0.001,13.17,0.27,"(13.28, 12.8, 13.42)",3
N8-K2V2-V62_1M,recurrent_baselines,mamba2,1,1,256,16.0,ck4,-1,N/A,N/A,-1,0.001,41.81,39.79,"(13.78, 98.08, 13.58)",3
N8-K2V2-V62_1M,recurrent_baselines,mamba2,1,1,256,32.0,ck2,-1,N/A,N/A,-1,0.001,12.88,0.59,"(12.48, 12.44, 13.72)",3
N8-K2V2-V62_1M,recurrent_baselines,mamba2,1,1,256,32.0,ck4,-1,N/A,N/A,-1,0.001,99.71,0.05,"(99.7, 99.66, 99.78)",3
N8-K2V2-V62_1M,recurrent_baselines,mamba2,2,1,64,4.0,ck2,-1,N/A,N/A,-1,0.001,26.1,31.89,"(2.96, 4.14, 71.2)",3
N8-K2V2-V62_1M,recurrent_baselines,mamba2,2,1,64,4.0,ck4,-1,N/A,N/A,-1,0.001,11.47,0.61,"(10.62, 12.0, 11.78)",3
N8-K2V2-V62_1M,recurrent_baselines,mamba2,2,1,64,16.0,ck2,-1,N/A,N/A,-1,0.001,63.74,35.91,"(85.5, 13.12, 92.6)",3
N8-K2V2-V62_1M,recurrent_baselines,mamba2,2,1,64,16.0,ck4,-1,N/A,N/A,-1,0.001,85.24,19.73,"(57.34, 99.16, 99.22)",3
N8-K2V2-V62_1M,recurrent_baselines,mamba2,2,1,64,32.0,ck2,-1,N/A,N/A,-1,0.001,80.71,16.01,"(58.22, 89.7, 94.2)",3
N8-K2V2-V62_1M,recurrent_baselines,mamba2,2,1,64,32.0,ck4,-1,N/A,N/A,-1,0.001,87.51,17.25,"(63.12, 99.8, 99.62)",3
N8-K2V2-V62_1M,recurrent_baselines,mamba2,2,1,128,4.0,ck2,-1,N/A,N/A,-1,0.001,13.01,0.23,"(13.08, 13.26, 12.7)",3
N8-K2V2-V62_1M,recurrent_baselines,mamba2,2,1,128,4.0,ck4,-1,N/A,N/A,-1,0.001,42.63,21.53,"(50.92, 13.12, 63.86)",3
N8-K2V2-V62_1M,recurrent_baselines,mamba2,2,1,128,16.0,ck2,-1,N/A,N/A,-1,0.001,81.09,5.38,"(74.32, 87.48, 81.46)",3
N8-K2V2-V62_1M,recurrent_baselines,mamba2,2,1,128,16.0,ck4,-1,N/A,N/A,-1,0.001,94.94,6.24,"(99.74, 98.96, 86.12)",3
N8-K2V2-V62_1M,recurrent_baselines,mamba2,2,1,128,32.0,ck2,-1,N/A,N/A,-1,0.001,96.55,1.99,"(98.84, 96.82, 93.98)",3
N8-K2V2-V62_1M,recurrent_baselines,mamba2,2,1,128,32.0,ck4,-1,N/A,N/A,-1,0.001,96.39,2.77,"(93.0, 99.78, 96.4)",3
N8-K2V2-V62_1M,recurrent_baselines,mamba2,2,1,256,4.0,ck2,-1,N/A,N/A,-1,0.001,37.63,35.56,"(12.58, 12.38, 87.92)",3
N8-K2V2-V62_1M,recurrent_baselines,mamba2,2,1,256,4.0,ck4,-1,N/A,N/A,-1,0.001,91.02,1.52,"(90.28, 93.14, 89.64)",3
N8-K2V2-V62_1M,recurrent_baselines,mamba2,2,1,256,16.0,ck2,-1,N/A,N/A,-1,0.001,92.41,1.95,"(93.6, 89.66, 93.96)",3
N8-K2V2-V62_1M,recurrent_baselines,mamba2,2,1,256,16.0,ck4,-1,N/A,N/A,-1,0.001,99.31,0.36,"(99.04, 99.06, 99.82)",3
N8-K2V2-V62_1M,recurrent_baselines,mamba2,2,1,256,32.0,ck2,-1,N/A,N/A,-1,0.001,88.81,8.05,"(94.52, 94.48, 77.42)",3
N8-K2V2-V62_1M,recurrent_baselines,mamba2,2,1,256,32.0,ck4,-1,N/A,N/A,-1,0.001,99.68,0.2,"(99.7, 99.92, 99.42)",3
N8-K2V2-V62_1M,recurrent_baselines,mamba2,4,1,64,4.0,ck2,-1,N/A,N/A,-1,0.001,59.95,33.16,"(13.34, 78.8, 87.72)",3
N8-K2V2-V62_1M,recurrent_baselines,mamba2,4,1,64,4.0,ck4,-1,N/A,N/A,-1,0.001,12.85,0.61,"(13.7, 12.34, 12.5)",3
N8-K2V2-V62_1M,recurrent_baselines,mamba2,4,1,64,16.0,ck2,-1,N/A,N/A,-1,0.001,94.53,0.29,"(94.2, 94.9, 94.48)",3
N8-K2V2-V62_1M,recurrent_baselines,mamba2,4,1,64,16.0,ck4,-1,N/A,N/A,-1,0.001,95.49,3.51,"(96.12, 99.44, 90.92)",3
N8-K2V2-V62_1M,recurrent_baselines,mamba2,4,1,64,32.0,ck2,-1,N/A,N/A,-1,0.001,95.84,1.81,"(94.48, 98.4, 94.64)",3
N8-K2V2-V62_1M,recurrent_baselines,mamba2,4,1,64,32.0,ck4,-1,N/A,N/A,-1,0.001,99.55,0.18,"(99.5, 99.8, 99.36)",3
N8-K2V2-V62_1M,recurrent_baselines,mamba2,4,1,128,4.0,ck2,-1,N/A,N/A,-1,0.001,62.96,35.57,"(86.72, 89.48, 12.68)",3
N8-K2V2-V62_1M,recurrent_baselines,mamba2,4,1,128,4.0,ck4,-1,N/A,N/A,-1,0.001,34.88,44.9,"(3.04, 3.22, 98.38)",3
N8-K2V2-V62_1M,recurrent_baselines,mamba2,4,1,128,16.0,ck2,-1,N/A,N/A,-1,0.001,98.05,2.36,"(94.72, 99.72, 99.72)",3
N8-K2V2-V62_1M,recurrent_baselines,mamba2,4,1,128,16.0,ck4,-1,N/A,N/A,-1,0.001,98.38,1.43,"(99.12, 99.64, 96.38)",3
N8-K2V2-V62_1M,recurrent_baselines,mamba2,4,1,128,32.0,ck2,-1,N/A,N/A,-1,0.001,98.06,2.28,"(99.8, 99.54, 94.84)",3
N8-K2V2-V62_1M,recurrent_baselines,mamba2,4,1,128,32.0,ck4,-1,N/A,N/A,-1,0.0003,87.55,11.19,"(76.36, 98.74)",2
N8-K2V2-V62_1M,recurrent_baselines,mamba2,4,1,128,32.0,ck4,-1,N/A,N/A,-1,0.001,99.05,1.09,"(99.76, 99.88, 97.52)",3
N8-K2V2-V62_1M,recurrent_baselines,mamba2,4,1,256,4.0,ck2,-1,N/A,N/A,-1,0.001,92.53,2.08,"(93.74, 89.6, 94.24)",3
N8-K2V2-V62_1M,recurrent_baselines,mamba2,4,1,256,4.0,ck4,-1,N/A,N/A,-1,0.001,17.07,5.52,"(24.88, 13.36, 12.98)",3
N8-K2V2-V62_1M,recurrent_baselines,mamba2,4,1,256,16.0,ck2,-1,N/A,N/A,-1,0.001,95.24,1.44,"(97.26, 94.44, 94.02)",3
N8-K2V2-V62_1M,recurrent_baselines,mamba2,4,1,256,16.0,ck4,-1,N/A,N/A,-1,0.001,98.77,0.84,"(98.28, 98.08, 99.96)",3
N8-K2V2-V62_1M,recurrent_baselines,mamba2,4,1,256,32.0,ck2,-1,N/A,N/A,-1,0.001,96.51,4.63,"(99.88, 99.7, 89.96)",3
N8-K2V2-V62_1M,recurrent_baselines,mamba2,4,1,256,32.0,ck4,-1,N/A,N/A,-1,0.001,99.56,0.31,"(99.12, 99.74, 99.82)",3
N8-K2V2-V62_1M,recurrent_baselines,mamba2,4,4,128,16.0,noconv,-1,N/A,N/A,-1,0.0003,88.61,7.43,"(85.84, 98.78, 81.22)",3
N8-K2V2-V62_1M,recurrent_baselines,mamba2,4,4,128,16.0,noconv,-1,N/A,N/A,-1,0.001,65.66,37.53,"(13.12, 98.46, 85.4)",3
N8-K2V2-V62_1M,rmmv5p1,llama,4,4,128,16.0,ck4,1,cross_attn,cross_attn-md128,-1,0.0001,2.89,0.01,"(2.88, 2.9)",2
N8-K2V2-V62_1M,rmmv5p1,llama,4,4,128,16.0,ck4,1,cross_attn,cross_attn-md128,-1,0.0003,2.41,0.21,"(2.2, 2.62)",2
N8-K2V2-V62_1M,rmmv5p1,llama,4,4,128,16.0,ck4,1,cross_attn,cross_attn-md256,-1,0.0001,2.95,0.19,"(2.76, 3.14)",2
N8-K2V2-V62_1M,rmmv5p1,llama,4,4,128,16.0,ck4,1,cross_attn,cross_attn-md256,-1,0.0003,1.47,0.85,"(2.32, 0.62)",2
N8-K2V2-V62_1M,rmmv5p1,llama,4,4,128,16.0,ck4,1,cross_attn,cross_attn-md512,-1,0.0001,2.6,0.3,"(2.3, 2.9)",2
N8-K2V2-V62_1M,rmmv5p1,llama,4,4,128,16.0,ck4,1,cross_attn,cross_attn-md512,-1,0.0003,2.44,0.02,"(2.46, 2.42)",2
N8-K2V2-V62_1M,rmmv5p1,llama,4,4,128,16.0,ck4,4,cross_attn,cross_attn-md128,-1,0.0001,2.97,0.11,"(2.86, 3.08)",2
N8-K2V2-V62_1M,rmmv5p1,llama,4,4,128,16.0,ck4,4,cross_attn,cross_attn-md128,-1,0.0003,2.7,0.12,"(2.58, 2.82)",2
N8-K2V2-V62_1M,rmmv5p1,llama,4,4,128,16.0,ck4,4,cross_attn,cross_attn-md256,-1,0.0001,2.85,0.29,"(2.56, 3.14)",2
N8-K2V2-V62_1M,rmmv5p1,llama,4,4,128,16.0,ck4,4,cross_attn,cross_attn-md256,-1,0.0003,2.83,0.05,"(2.78, 2.88)",2
N8-K2V2-V62_1M,rmmv5p1,llama,4,4,128,16.0,ck4,4,cross_attn,cross_attn-md512,-1,0.0001,3.33,0.09,"(3.42, 3.24)",2
N8-K2V2-V62_1M,rmmv5p1,llama,4,4,128,16.0,ck4,4,cross_attn,cross_attn-md512,-1,0.0003,2.87,0.19,"(3.06, 2.68)",2
N8-K2V2-V62_1M,rmmv5p1,llama,4,4,128,16.0,ck4,8,cross_attn,cross_attn-md128,-1,0.0001,2.92,0.08,"(2.84, 3.0)",2
N8-K2V2-V62_1M,rmmv5p1,llama,4,4,128,16.0,ck4,8,cross_attn,cross_attn-md128,-1,0.0003,3.36,0.72,"(2.64, 4.08)",2
N8-K2V2-V62_1M,rmmv5p1,llama,4,4,128,16.0,ck4,8,cross_attn,cross_attn-md256,-1,0.0001,3.12,0.04,"(3.08, 3.16)",2
N8-K2V2-V62_1M,rmmv5p1,llama,4,4,128,16.0,ck4,8,cross_attn,cross_attn-md256,-1,0.0003,2.6,0.18,"(2.42, 2.78)",2
N8-K2V2-V62_1M,rmmv5p1,llama,4,4,128,16.0,ck4,8,cross_attn,cross_attn-md512,-1,0.0001,3.88,0.98,"(4.86, 2.9)",2
N8-K2V2-V62_1M,rmmv5p1,llama,4,4,128,16.0,ck4,8,cross_attn,cross_attn-md512,-1,0.0003,2.9,0.02,"(2.88, 2.92)",2
N8-K2V2-V62_1M,rmmv5p1,llama,4,4,128,32.0,ck4,1,cross_attn,cross_attn-md128,-1,0.0001,2.86,0.04,"(2.9, 2.82)",2
N8-K2V2-V62_1M,rmmv5p1,llama,4,4,128,32.0,ck4,1,cross_attn,cross_attn-md128,-1,0.0003,2.34,0.1,"(2.24, 2.44)",2
N8-K2V2-V62_1M,rmmv5p1,llama,4,4,128,32.0,ck4,1,cross_attn,cross_attn-md256,-1,0.0001,2.83,0.07,"(2.76, 2.9)",2
N8-K2V2-V62_1M,rmmv5p1,llama,4,4,128,32.0,ck4,1,cross_attn,cross_attn-md256,-1,0.0003,2.77,0.01,"(2.78, 2.76)",2
N8-K2V2-V62_1M,rmmv5p1,llama,4,4,128,32.0,ck4,1,cross_attn,cross_attn-md512,-1,0.0001,2.83,0.07,"(2.76, 2.9)",2
N8-K2V2-V62_1M,rmmv5p1,llama,4,4,128,32.0,ck4,1,cross_attn,cross_attn-md512,-1,0.0003,1.55,0.83,"(2.38, 0.72)",2
N8-K2V2-V62_1M,rmmv5p1,llama,4,4,128,32.0,ck4,4,cross_attn,cross_attn-md128,-1,0.0001,3.0,0.06,"(2.94, 3.06)",2
N8-K2V2-V62_1M,rmmv5p1,llama,4,4,128,32.0,ck4,4,cross_attn,cross_attn-md128,-1,0.0003,3.82,0.7,"(4.52, 3.12)",2
N8-K2V2-V62_1M,rmmv5p1,llama,4,4,128,32.0,ck4,4,cross_attn,cross_attn-md256,-1,0.0001,4.18,1.1,"(3.08, 5.28)",2
N8-K2V2-V62_1M,rmmv5p1,llama,4,4,128,32.0,ck4,4,cross_attn,cross_attn-md256,-1,0.0003,2.97,0.03,"(3.0, 2.94)",2
N8-K2V2-V62_1M,rmmv5p1,llama,4,4,128,32.0,ck4,4,cross_attn,cross_attn-md512,-1,0.0001,5.03,0.93,"(5.96, 4.1)",2
N8-K2V2-V62_1M,rmmv5p1,llama,4,4,128,32.0,ck4,4,cross_attn,cross_attn-md512,-1,0.0003,2.75,0.07,"(2.82, 2.68)",2
N8-K2V2-V62_1M,rmmv5p1,llama,4,4,128,32.0,ck4,8,cross_attn,cross_attn-md128,-1,0.0001,3.1,0.1,"(3.2, 3.0)",2
N8-K2V2-V62_1M,rmmv5p1,llama,4,4,128,32.0,ck4,8,cross_attn,cross_attn-md128,-1,0.0003,3.82,1.12,"(2.7, 4.94)",2
N8-K2V2-V62_1M,rmmv5p1,llama,4,4,128,32.0,ck4,8,cross_attn,cross_attn-md256,-1,0.0001,4.37,0.13,"(4.24, 4.5)",2
N8-K2V2-V62_1M,rmmv5p1,llama,4,4,128,32.0,ck4,8,cross_attn,cross_attn-md256,-1,0.0003,4.14,1.28,"(2.86, 5.42)",2
N8-K2V2-V62_1M,rmmv5p1,llama,4,4,128,32.0,ck4,8,cross_attn,cross_attn-md512,-1,0.0001,4.5,1.3,"(5.8, 3.2)",2
N8-K2V2-V62_1M,rmmv5p1,llama,4,4,128,32.0,ck4,8,cross_attn,cross_attn-md512,-1,0.0003,5.78,2.98,"(2.8, 8.76)",2
N8-K2V2-V62_1M,rmmv5p2,llama,4,4,128,32.0,ck4,1,unpool,pool,0,0.0001,5.52,0.0,"(5.52,)",1
N8-K2V2-V62_1M,rmmv5p2,llama,4,4,128,32.0,ck4,1,unpool,pool,0,0.0003,2.56,0.0,"(2.56,)",1
N8-K2V2-V62_1M,rmmv5p2,llama,4,4,128,32.0,ck4,1,unpool,pool,1,0.0001,5.95,0.03,"(5.92, 5.98)",2
N8-K2V2-V62_1M,rmmv5p2,llama,4,4,128,32.0,ck4,1,unpool,pool,1,0.0003,15.05,12.15,"(27.2, 2.9)",2
N8-K2V2-V62_1M,rmmv5p2,llama,4,4,128,32.0,ck4,1,unpool,pool,8,0.0001,9.59,0.35,"(9.24, 9.94)",2
N8-K2V2-V62_1M,rmmv5p2,llama,4,4,128,32.0,ck4,1,unpool,pool,8,0.0003,3.12,0.1,"(3.02, 3.22)",2
N8-K2V2-V62_1M,rmmv5p2,llama,4,4,128,32.0,ck4,4,unpool,pool,8,0.0001,77.88,0.0,"(77.88,)",1
N8-K2V2-V62_1M,rmmv5p2,llama,4,4,128,32.0,ck4,4,unpool,pool,8,0.0003,24.58,0.0,"(24.58,)",1
N8-K2V2-V62_1M,rmmv5p3,llama,4,4,128,32.0,ck4,1,unpool,pool,1,0.0001,99.7,0.16,"(99.54, 99.86)",2
N8-K2V2-V62_1M,rmmv5p3,llama,4,4,128,32.0,ck4,1,unpool,pool,1,0.0003,100.0,0.0,"(100.0, 100.0)",2
N8-K2V2-V62_1M,rmmv5p3,llama,4,4,128,32.0,ck4,2,unpool,pool,1,0.0001,93.5,10.74,"(99.96, 74.9, 100.0, 99.14)",4
N8-K2V2-V62_1M,rmmv5p3,llama,4,4,128,32.0,ck4,2,unpool,pool,1,0.0003,100.0,0.0,"(100.0, 100.0)",2
N8-K2V2-V62_1M,rmmv5p3,llama,4,4,128,32.0,ck4,4,unpool,pool,1,0.0001,99.93,0.07,"(99.86, 100.0)",2
N8-K2V2-V62_1M,rmmv5p3,llama,4,4,128,32.0,ck4,4,unpool,pool,1,0.0003,100.0,0.0,"(100.0, 100.0)",2
N8-K2V2-V62_1M,rmmv5p4,llama,2,4,128,16.0,ck2,16,unpool,pool,1,0.0001,65.97,3.79,"(69.76, 62.18)",2
N8-K2V2-V62_1M,rmmv5p4,llama,2,4,128,16.0,ck2,16,unpool,pool,1,0.0003,39.22,28.02,"(11.2, 67.24)",2
N8-K2V2-V62_1M,rmmv5p4,llama,2,4,128,16.0,ck4,16,unpool,pool,1,0.0001,88.37,3.55,"(91.92, 84.82)",2
N8-K2V2-V62_1M,rmmv5p4,llama,2,4,128,16.0,ck4,16,unpool,pool,1,0.0003,65.73,1.75,"(67.48, 63.98)",2
N8-K2V2-V62_1M,rmmv5p4,llama,4,1,128,16.0,ck2,16,unpool,pool,1,0.0001,99.1,0.08,"(99.18, 99.02)",2
N8-K2V2-V62_1M,rmmv5p4,llama,4,1,128,16.0,ck2,16,unpool,pool,1,0.0003,12.82,1.44,"(14.26, 11.38)",2
N8-K2V2-V62_1M,rmmv5p4,llama,4,1,128,16.0,ck4,8,unpool,pool,1,0.0001,0.0,0.0,"(0.0,)",1
N8-K2V2-V62_1M,rmmv5p4,llama,4,1,128,32.0,ck4,1,unpool,pool,1,0.0003,17.46,9.92,"(27.38, 7.54)",2
N8-K2V2-V62_1M,rmmv5p4,llama,4,1,128,32.0,ck4,2,unpool,pool,1,0.0003,11.64,0.3,"(11.94, 11.34)",2
N8-K2V2-V62_1M,rmmv5p4,llama,4,4,128,16.0,ck0,4,identity,identity,8,0.0001,53.78,2.8,"(56.58, 50.98)",2
N8-K2V2-V62_1M,rmmv5p4,llama,4,4,128,16.0,ck0,4,identity,identity,8,0.0003,76.6,2.76,"(73.84, 79.36)",2
N8-K2V2-V62_1M,rmmv5p4,llama,4,4,128,16.0,ck0,4,unpool,pool,1,0.0001,89.89,1.93,"(91.82, 87.96)",2
N8-K2V2-V62_1M,rmmv5p4,llama,4,4,128,16.0,ck0,4,unpool,pool,1,0.0003,12.44,0.42,"(12.02, 12.86)",2
N8-K2V2-V62_1M,rmmv5p4,llama,4,4,128,16.0,ck2,4,identity,identity,8,0.0001,46.53,34.15,"(12.38, 80.68)",2
N8-K2V2-V62_1M,rmmv5p4,llama,4,4,128,16.0,ck2,4,identity,identity,8,0.0003,47.53,33.85,"(81.38, 13.68)",2
N8-K2V2-V62_1M,rmmv5p4,llama,4,4,128,16.0,ck2,8,identity,identity,8,0.0001,43.95,29.91,"(14.04, 73.86)",2
N8-K2V2-V62_1M,rmmv5p4,llama,4,4,128,16.0,ck2,8,identity,identity,8,0.0003,12.8,0.24,"(13.04, 12.56)",2
N8-K2V2-V62_1M,rmmv5p4,llama,4,4,128,16.0,ck2,16,identity,identity,8,0.0001,48.57,35.87,"(84.44, 12.7)",2
N8-K2V2-V62_1M,rmmv5p4,llama,4,4,128,16.0,ck2,16,identity,identity,8,0.0003,45.21,32.03,"(77.24, 13.18)",2
N8-K2V2-V62_1M,rmmv5p4,llama,4,4,128,16.0,ck2,16,unpool,pool,1,0.0001,90.08,3.62,"(86.46, 93.7)",2
N8-K2V2-V62_1M,rmmv5p4,llama,4,4,128,16.0,ck2,16,unpool,pool,1,0.0003,52.66,40.18,"(92.84, 12.48)",2
N8-K2V2-V62_1M,rmmv5p4,llama,4,4,128,16.0,ck4,4,identity,identity,8,0.0001,44.17,31.27,"(75.44, 12.9)",2
N8-K2V2-V62_1M,rmmv5p4,llama,4,4,128,16.0,ck4,4,identity,identity,8,0.0003,24.57,11.21,"(35.78, 13.36)",2
N8-K2V2-V62_1M,rmmv5p4,llama,4,4,128,16.0,ck4,4,unpool,pool,1,0.0001,91.32,3.78,"(95.1, 87.54)",2
N8-K2V2-V62_1M,rmmv5p4,llama,4,4,128,16.0,ck4,4,unpool,pool,1,0.0003,84.17,11.41,"(95.58, 72.76)",2
N8-K2V2-V62_1M,rmmv5p4,llama,4,4,128,16.0,ck4,8,identity,identity,8,0.0001,44.87,32.63,"(77.5, 12.24)",2
N8-K2V2-V62_1M,rmmv5p4,llama,4,4,128,16.0,ck4,8,identity,identity,8,0.0003,67.4,14.1,"(81.5, 53.3)",2
N8-K2V2-V62_1M,rmmv5p4,llama,4,4,128,16.0,ck4,8,unpool,pool,1,0.0001,53.13,40.97,"(94.1, 12.16)",2
N8-K2V2-V62_1M,rmmv5p4,llama,4,4,128,16.0,ck4,8,unpool,pool,1,0.0003,75.93,16.19,"(59.74, 92.12)",2
N8-K2V2-V62_1M,rmmv5p4,llama,4,4,128,16.0,ck4,16,identity,identity,8,0.0001,12.66,0.12,"(12.78, 12.54)",2
N8-K2V2-V62_1M,rmmv5p4,llama,4,4,128,16.0,ck4,16,identity,identity,8,0.0003,83.16,5.36,"(88.52, 77.8)",2
N8-K2V2-V62_1M,rmmv5p4,llama,4,4,128,16.0,ck4,16,unpool,pool,1,0.0001,47.07,35.35,"(82.42, 11.72)",2
N8-K2V2-V62_1M,rmmv5p4,llama,4,4,128,16.0,ck4,16,unpool,pool,1,0.0003,47.58,35.4,"(82.98, 12.18)",2
N8-K2V2-V62_1M,rmmv5p4,llama,4,4,128,32.0,ck2,4,unpool,pool,1,0.0001,92.7,6.3,"(99.0, 86.4)",2
N8-K2V2-V62_1M,rmmv5p4,llama,4,4,128,32.0,ck2,4,unpool,pool,1,0.0003,12.16,0.88,"(13.04, 11.28)",2
N8-K2V2-V62_1M,rmmv5p4,llama,4,4,128,32.0,ck2,8,unpool,pool,1,0.0001,85.32,1.4,"(86.72, 83.92)",2
N8-K2V2-V62_1M,rmmv5p4,llama,4,4,128,32.0,ck2,8,unpool,pool,1,0.0003,48.62,35.24,"(83.86, 13.38)",2
N8-K2V2-V62_1M,rmmv5p4,llama,4,4,128,32.0,ck4,1,unpool,pool,0,0.0001,7.48,0.94,"(6.54, 8.42)",2
N8-K2V2-V62_1M,rmmv5p4,llama,4,4,128,32.0,ck4,1,unpool,pool,0,0.0003,8.64,0.02,"(8.66, 8.62)",2
N8-K2V2-V62_1M,rmmv5p4,llama,4,4,128,32.0,ck4,1,unpool,pool,0,0.001,9.54,0.94,"(10.48, 8.6)",2
N8-K2V2-V62_1M,rmmv5p4,llama,4,4,128,32.0,ck4,1,unpool,pool,1,0.0001,8.45,0.03,"(8.42, 8.48)",2
N8-K2V2-V62_1M,rmmv5p4,llama,4,4,128,32.0,ck4,1,unpool,pool,1,0.0003,11.17,0.09,"(11.08, 11.26)",2
N8-K2V2-V62_1M,rmmv5p4,llama,4,4,128,32.0,ck4,1,unpool,pool,1,0.001,7.73,0.37,"(8.1, 7.36)",2
N8-K2V2-V62_1M,rmmv5p4,llama,4,4,128,32.0,ck4,2,unpool,pool,1,0.0001,69.97,12.25,"(57.72, 82.22)",2
N8-K2V2-V62_1M,rmmv5p4,llama,4,4,128,32.0,ck4,2,unpool,pool,1,0.0003,31.84,19.32,"(12.52, 51.16)",2
N8-K2V2-V62_1M,rmmv5p4,llama,4,4,128,32.0,ck4,2,unpool,pool,1,0.001,8.15,3.77,"(11.92, 4.38)",2
N8-K2V2-V62_1M,rmmv5p4,llama,4,4,128,32.0,ck4,2,unpool,pool,4,0.0001,27.03,16.47,"(43.5, 10.56)",2
N8-K2V2-V62_1M,rmmv5p4,llama,4,4,128,32.0,ck4,2,unpool,pool,4,0.0003,30.35,17.81,"(12.54, 48.16)",2
N8-K2V2-V62_1M,rmmv5p4,llama,4,4,128,32.0,ck4,4,identity,identity,8,0.0001,96.6,0.22,"(96.38, 96.82)",2
N8-K2V2-V62_1M,rmmv5p4,llama,4,4,128,32.0,ck4,4,identity,identity,8,0.0003,98.17,0.85,"(99.02, 97.32)",2
N8-K2V2-V62_1M,rmmv5p4,llama,4,4,128,32.0,ck4,4,unpool,pool,1,0.0001,83.29,14.59,"(97.88, 68.7)",2
N8-K2V2-V62_1M,rmmv5p4,llama,4,4,128,32.0,ck4,4,unpool,pool,1,0.0003,54.84,42.34,"(12.5, 97.18)",2
N8-K2V2-V62_1M,rmmv5p4,llama,4,4,128,32.0,ck4,4,unpool,pool,1,0.001,12.89,0.49,"(13.38, 12.4)",2
N8-K2V2-V62_1M,rmmv5p4,llama,4,4,128,32.0,ck4,4,unpool,pool,4,0.0001,36.42,24.52,"(11.9, 60.94)",2
N8-K2V2-V62_1M,rmmv5p4,llama,4,4,128,32.0,ck4,4,unpool,pool,4,0.0003,39.69,26.51,"(66.2, 13.18)",2
N8-K2V2-V62_1M,rmmv5p4,llama,4,4,128,32.0,ck4,8,unpool,pool,1,0.0001,90.3,0.16,"(90.14, 90.46)",2
N8-K2V2-V62_1M,rmmv5p4,llama,4,4,128,32.0,ck4,8,unpool,pool,1,0.0003,99.04,0.1,"(98.94, 99.14)",2
N8-K2V2-V62_1M,rmmv5p4,llama,4,4,128,32.0,ck4,8,unpool,pool,1,0.001,6.24,6.18,"(12.42, 0.06)",2
N8-K2V2-V62_1M,rmmv5p4,llama,4,4,128,32.0,ck4,16,unpool,pool,2,0.0001,12.9,0.26,"(13.16, 12.64)",2
N8-K2V2-V62_1M,rmmv5p4,llama,4,4,128,32.0,ck4,16,unpool,pool,2,0.0003,13.24,0.08,"(13.16, 13.32)",2
N8-K2V2-V62_1M,rmmv5p4,llama,4,4,128,32.0,ck4,16,unpool,pool,4,0.0001,41.06,29.34,"(70.4, 11.72)",2
N8-K2V2-V62_1M,rmmv5p4,llama,4,4,128,32.0,ck4,16,unpool,pool,4,0.0003,67.69,4.09,"(63.6, 71.78)",2
N8-K2V2-V62_1M,rmmv5p4,llama,4,4,128,32.0,ck4,32,unpool,pool,2,0.0001,13.0,0.32,"(13.32, 12.68)",2
N8-K2V2-V62_1M,rmmv5p4,llama,4,4,128,32.0,ck4,32,unpool,pool,2,0.0003,13.2,0.1,"(13.3, 13.1)",2
N8-K2V2-V62_1M,rmmv5p4,llama,4,4,128,32.0,ck4,32,unpool,pool,4,0.0001,49.13,36.63,"(12.5, 85.76)",2
N8-K2V2-V62_1M,rmmv5p4,llama,4,4,128,32.0,ck4,32,unpool,pool,4,0.0003,53.32,11.5,"(64.82, 41.82)",2
N8-K2V2-V62_1M,rmmv5p5,llama,4,4,128,32.0,ck4,1,identity,pool,0,0.0001,0.02,0.0,"(0.02,)",1
N8-K2V2-V62_1M,rmmv5p5,llama,4,4,128,32.0,ck4,1,identity,pool,0,0.0003,0.04,0.0,"(0.04,)",1
N8-K2V2-V62_1M,rmmv5p5,llama,4,4,128,32.0,ck4,4,identity,pool,1,0.0001,6.0,0.0,"(6.0,)",1
N8-K2V2-V62_1M,rmmv5p5,llama,4,4,128,32.0,ck4,4,identity,pool,1,0.0003,0.06,0.0,"(0.06,)",1
N8-K2V2-V62_1M,rmmv5p5,llama,4,4,128,32.0,ck4,4,identity,pool,1,0.001,6.94,0.0,"(6.94,)",1
N8-K2V2-V62_1M,rmmv5p7,llama,4,1,128,16.0,ck2,4,identity,identity,8,0.0001,95.9,0.0,"(95.9,)",1
N8-K2V2-V62_1M,rmmv5p7,llama,4,1,128,16.0,ck2,4,identity,identity,8,0.0003,13.76,0.0,"(13.76,)",1
N8-K2V2-V62_1M,rmmv5p7,llama,4,1,128,16.0,ck4,4,identity,identity,8,0.0001,98.38,0.64,"(97.74, 99.02)",2
N8-K2V2-V62_1M,rmmv5p7,llama,4,1,128,16.0,ck4,4,identity,identity,8,0.0003,98.06,0.0,"(98.06,)",1
N8-K2V2-V62_1M,rmmv5p7,llama,4,1,128,32.0,ck4,4,identity,identity,8,0.0001,99.15,0.13,"(99.28, 99.02)",2
N8-K2V2-V62_1M,rmmv5p7,llama,4,1,128,32.0,ck4,4,identity,identity,8,0.0003,99.14,0.08,"(99.06, 99.22)",2
N8-K2V2-V62_1M,rmmv5p7,llama,4,1,128,32.0,ck4,4,identity,identity,8,0.001,99.14,0.1,"(99.24, 99.04)",2
N8-K2V2-V62_1M,rmmv5p7,llama,4,4,128,16.0,ck2,4,identity,identity,8,0.0003,2.42,0.0,"(2.42,)",1
N8-K2V2-V62_1M,rmmv5p7,llama,4,4,128,32.0,ck4,4,identity,identity,8,0.0001,92.65,2.65,"(95.3, 90.0)",2
N8-K2V2-V62_1M,rmmv5p7,llama,4,4,128,32.0,ck4,4,identity,identity,8,0.0003,98.05,0.17,"(98.22, 97.88)",2
N8-K2V2-V62_1M,rmmv5p7,llama,4,4,128,32.0,ck4,4,identity,identity,8,0.001,98.0,0.0,"(98.0,)",1
N8-K2V2-V62_1M,segment_baselines,llama,4,4,128,,N/A,1,N/A,N/A,1,0.0001,54.05,45.02,"(99.08, 99.06, 9.02, 9.04)",4
N8-K2V2-V62_1M,segment_baselines,llama,4,4,128,,N/A,1,N/A,N/A,1,0.0003,63.54,35.54,"(99.08, 99.0, 30.3, 25.76)",4
N8-K2V2-V62_1M,segment_baselines,llama,4,4,128,,N/A,1,N/A,N/A,2,0.0001,99.15,0.09,"(99.06, 99.24)",2
N8-K2V2-V62_1M,segment_baselines,llama,4,4,128,,N/A,1,N/A,N/A,2,0.0003,99.01,0.01,"(99.0, 99.02)",2
N8-K2V2-V62_1M,segment_baselines,llama,4,4,128,,N/A,1,N/A,N/A,8,0.0001,6.85,0.13,"(6.72, 6.98)",2
N8-K2V2-V62_1M,segment_baselines,llama,4,4,128,,N/A,1,N/A,N/A,8,0.0003,2.92,0.0,"(2.92,)",1
N8-K2V2-V62_1M,segment_baselines,llama,4,4,128,,N/A,4,N/A,N/A,1,0.0001,99.1,0.06,"(99.04, 99.16)",2
N8-K2V2-V62_1M,segment_baselines,llama,4,4,128,,N/A,4,N/A,N/A,1,0.0003,99.17,0.13,"(99.04, 99.3)",2
N8-K2V2-V62_1M,segment_baselines,llama,4,4,128,,N/A,8,N/A,N/A,1,0.0001,55.73,43.35,"(99.1, 99.06, 12.84, 11.92)",4
N8-K2V2-V62_1M,segment_baselines,llama,4,4,128,,N/A,8,N/A,N/A,1,0.0003,76.14,36.63,"(99.0, 95.08, 97.74, 12.74)",4
N8-K2V2-V62_1M,segment_baselines,llama,4,4,128,,N/A,8,N/A,N/A,2,0.0001,99.23,0.03,"(99.26, 99.2)",2
N8-K2V2-V62_1M,segment_baselines,llama,4,4,128,,N/A,8,N/A,N/A,2,0.0003,99.02,0.02,"(99.04, 99.0)",2
N8-K2V2-V62_1M,segment_baselines,llama,4,4,128,,N/A,8,N/A,N/A,8,0.0001,36.1,33.16,"(2.94, 69.26)",2
N8-K2V2-V62_1M,segment_baselines,llama,4,4,128,,N/A,8,N/A,N/A,8,0.0003,2.98,0.06,"(2.92, 3.04)",2
